state,answer_set,race,who_vote_for,count,n_respondents,pct_of_respondents
0_ALL_STATES,all-surveys,White,Donald J. Trump,8178,13290,0.6153498871331828
0_ALL_STATES,all-surveys,Black or African American,Donald J. Trump,2714,6391,0.42465967767172585
0_ALL_STATES,all-surveys,Hispanic or Latino,Donald J. Trump,1884,4842,0.38909541511771994
0_ALL_STATES,all-surveys,White,Joe Biden,1571,13290,0.118209179834462
0_ALL_STATES,all-surveys,Black or African American,Joe Biden,1474,6391,0.2306368330464716
0_ALL_STATES,all-surveys,Hispanic or Latino,Joe Biden,1381,4842,0.285212722015696
0_ALL_STATES,all-surveys,White,Third-Party Candidate,1377,13290,0.1036117381489842
0_ALL_STATES,all-surveys,White,Wouldn't vote,1298,13290,0.09766741911211436
NC,all-surveys,White,Donald J. Trump,1096,1503,0.729208250166334
AZ,all-surveys,White,Donald J. Trump,978,1977,0.4946889226100152
0_ALL_STATES,all-surveys,Other,Donald J. Trump,849,1866,0.454983922829582
0_ALL_STATES,all-surveys,Black or African American,Don't know,774,6391,0.1211078078547958
0_ALL_STATES,all-surveys,Black or African American,Wouldn't vote,738,6391,0.1154748865592239
0_ALL_STATES,all-surveys,White,Don't know,724,13290,0.054477050413845
CA,all-surveys,White,Donald J. Trump,717,1339,0.5354742345033607
CA,all-surveys,Hispanic or Latino,Donald J. Trump,695,2004,0.3468063872255489
KY,all-surveys,White,Donald J. Trump,691,1038,0.6657032755298651
0_ALL_STATES,all-surveys,"Native American / American Indian, White",Donald J. Trump,686,1103,0.6219401631912964
0_ALL_STATES,all-surveys,Native American / American Indian,Donald J. Trump,642,1331,0.4823441021788129
CA,all-surveys,Hispanic or Latino,Joe Biden,640,2004,0.3193612774451098
NC,all-surveys,Black or African American,Donald J. Trump,610,1436,0.42479108635097496
OH,all-surveys,White,Donald J. Trump,595,941,0.6323060573857598
0_ALL_STATES,all-surveys,Black or African American,Third-Party Candidate,588,6391,0.09200438116100766
WA,all-surveys,White,Donald J. Trump,536,883,0.6070215175537939
0_ALL_STATES,all-surveys,Hispanic or Latino,Wouldn't vote,535,4842,0.11049153242461793
0_ALL_STATES,all-surveys,Hispanic or Latino,Third-Party Candidate,491,4842,0.10140437835605122
0_ALL_STATES,all-surveys,Hispanic or Latino,Don't know,489,4842,0.10099132589838909
AZ,all-surveys,Hispanic or Latino,Donald J. Trump,488,1371,0.3559445660102115
AZ,all-surveys,Hispanic or Latino,Joe Biden,448,1371,0.3267687819110139
WV,all-surveys,White,Donald J. Trump,438,611,0.7168576104746317
AZ,all-surveys,White,Joe Biden,424,1977,0.2144663631765301
OK,all-surveys,White,Donald J. Trump,374,706,0.5297450424929179
AR,all-surveys,White,Donald J. Trump,347,524,0.6622137404580153
NC,all-surveys,Black or African American,Joe Biden,335,1436,0.23328690807799443
0_ALL_STATES,all-surveys,Other,Wouldn't vote,324,1866,0.17363344051446947
CA,all-surveys,Black or African American,Donald J. Trump,308,906,0.33995584988962474
0_ALL_STATES,all-surveys,"Other, White",Donald J. Trump,301,567,0.5308641975308642
SC,all-surveys,White,Donald J. Trump,293,405,0.7234567901234568
0_ALL_STATES,all-surveys,"Hispanic or Latino, White",Donald J. Trump,283,615,0.46016260162601624
CA,all-surveys,Black or African American,Joe Biden,265,906,0.2924944812362031
AZ,all-surveys,White,Third-Party Candidate,256,1977,0.1294891249367729
CA,all-surveys,Hispanic or Latino,Third-Party Candidate,249,2004,0.12425149700598802
0_ALL_STATES,all-surveys,Other,Joe Biden,238,1866,0.12754555198285103
0_ALL_STATES,all-surveys,Other,Third-Party Candidate,233,1866,0.12486602357984995
CA,all-surveys,White,Joe Biden,221,1339,0.1650485436893204
0_ALL_STATES,all-surveys,Native American / American Indian,Joe Biden,218,1331,0.16378662659654394
CA,all-surveys,Hispanic or Latino,Don't know,210,2004,0.10479041916167664
0_ALL_STATES,all-surveys,"Black or African American, Other",Donald J. Trump,208,451,0.4611973392461197
AZ,all-surveys,Black or African American,Donald J. Trump,206,581,0.35456110154905335
PA,all-surveys,White,Donald J. Trump,203,322,0.6304347826086957
NC,all-surveys,Black or African American,Don't know,202,1436,0.14066852367688024
AL,all-surveys,White,Donald J. Trump,199,325,0.6123076923076923
OH,all-surveys,Black or African American,Donald J. Trump,198,442,0.4479638009049774
AZ,all-surveys,White,Wouldn't vote,191,1977,0.09661102680829539
CA,all-surveys,Hispanic or Latino,Wouldn't vote,190,2004,0.09481037924151696
0_ALL_STATES,all-surveys,Native American / American Indian,Wouldn't vote,189,1331,0.14199849737039819
0_ALL_STATES,all-surveys,Other,Don't know,186,1866,0.09967845659163987
CA,all-surveys,White,Third-Party Candidate,183,1339,0.13666915608663183
OR,all-surveys,White,Donald J. Trump,178,309,0.5760517799352751
AZ,all-surveys,Hispanic or Latino,Wouldn't vote,174,1371,0.12691466083150985
IL,all-surveys,Black or African American,Donald J. Trump,173,307,0.5635179153094463
0_ALL_STATES,all-surveys,"Black or African American, Native American / American Indian",Donald J. Trump,170,393,0.43256997455470736
AZ,all-surveys,Black or African American,Joe Biden,163,581,0.28055077452667815
SC,all-surveys,Black or African American,Donald J. Trump,162,359,0.45125348189415043
0_ALL_STATES,all-surveys,Native American / American Indian,Third-Party Candidate,160,1331,0.12021036814425244
CA,all-surveys,Other,Donald J. Trump,156,383,0.4073107049608355
NC,all-surveys,Black or African American,Wouldn't vote,150,1436,0.10445682451253482
NE,all-surveys,White,Donald J. Trump,149,251,0.5936254980079682
NC,all-surveys,Other,Donald J. Trump,146,316,0.4620253164556962
0_ALL_STATES,all-surveys,"Native American / American Indian, White",Third-Party Candidate,139,1103,0.12601994560290117
TX,all-surveys,White,Donald J. Trump,133,190,0.7
0_ALL_STATES,all-surveys,"Black or African American, White",Donald J. Trump,130,260,0.5
MI,all-surveys,White,Donald J. Trump,127,187,0.679144385026738
AZ,all-surveys,Hispanic or Latino,Don't know,126,1371,0.09190371991247265
0_ALL_STATES,all-surveys,"Hispanic or Latino, Native American / American Indian",Donald J. Trump,124,341,0.36363636363636365
CA,all-surveys,Black or African American,Don't know,122,906,0.1346578366445916
CA,all-surveys,White,Wouldn't vote,120,1339,0.08961911874533234
NC,all-surveys,"Native American / American Indian, White",Donald J. Trump,119,144,0.8263888888888888
NC,all-surveys,Black or African American,Third-Party Candidate,118,1436,0.08217270194986072
0_ALL_STATES,all-surveys,"Hispanic or Latino, White",Joe Biden,117,615,0.1902439024390244
AZ,all-surveys,Hispanic or Latino,Third-Party Candidate,116,1371,0.08460977388767323
0_ALL_STATES,all-surveys,"Black or African American, Hispanic or Latino",Donald J. Trump,114,240,0.475
NC,all-surveys,White,Joe Biden,114,1503,0.07584830339321358
0_ALL_STATES,all-surveys,"Native American / American Indian, White",Joe Biden,110,1103,0.09972801450589303
SD,all-surveys,White,Donald J. Trump,109,189,0.5767195767195767
NC,all-surveys,Native American / American Indian,Donald J. Trump,108,141,0.7659574468085106
NC,all-surveys,White,Wouldn't vote,107,1503,0.07119095143047238
MA,all-surveys,White,Donald J. Trump,106,156,0.6794871794871795
CO,all-surveys,White,Donald J. Trump,104,162,0.6419753086419753
WA,all-surveys,White,Third-Party Candidate,104,883,0.11778029445073612
0_ALL_STATES,all-surveys,"Hispanic or Latino, White",Third-Party Candidate,103,615,0.16747967479674797
AZ,all-surveys,White,Don't know,103,1977,0.05209914011127972
0_ALL_STATES,all-surveys,Native American / American Indian,Don't know,101,1331,0.07588279489105935
VA,all-surveys,White,Donald J. Trump,101,146,0.6917808219178082
KY,all-surveys,White,Joe Biden,100,1038,0.09633911368015415
NY,all-surveys,White,Donald J. Trump,100,168,0.5952380952380952
CA,all-surveys,Black or African American,Third-Party Candidate,98,906,0.10816777041942605
KY,all-surveys,White,Third-Party Candidate,98,1038,0.09441233140655106
CA,all-surveys,Black or African American,Wouldn't vote,97,906,0.10706401766004416
OH,all-surveys,White,Wouldn't vote,97,941,0.1030818278427205
0_ALL_STATES,all-surveys,"Native American / American Indian, Other, White",Donald J. Trump,96,203,0.4729064039408867
KY,all-surveys,White,Wouldn't vote,96,1038,0.09248554913294797
MT,all-surveys,White,Donald J. Trump,96,139,0.6906474820143885
OH,all-surveys,Black or African American,Joe Biden,95,442,0.2149321266968326
OK,all-surveys,White,Joe Biden,95,706,0.13456090651558072
OK,all-surveys,White,Wouldn't vote,95,706,0.13456090651558072
0_ALL_STATES,all-surveys,"Native American / American Indian, White",Wouldn't vote,93,1103,0.0843155031731641
TX,all-surveys,Black or African American,Donald J. Trump,93,160,0.58125
0_ALL_STATES,all-surveys,Native Hawaiian or Pacific Islander,Donald J. Trump,92,199,0.4623115577889447
OH,all-surveys,White,Joe Biden,92,941,0.09776833156216791
WA,all-surveys,White,Wouldn't vote,92,883,0.10419026047565119
AZ,all-surveys,Black or African American,Wouldn't vote,89,581,0.153184165232358
NC,all-surveys,White,Don't know,89,1503,0.059214903526280775
PA,all-surveys,Black or African American,Donald J. Trump,89,158,0.5632911392405063
WA,all-surveys,White,Joe Biden,89,883,0.10079275198187995
TX,all-surveys,Hispanic or Latino,Donald J. Trump,88,154,0.5714285714285714
0_ALL_STATES,all-surveys,"Black or African American, Native American / American Indian",Joe Biden,87,393,0.22137404580152673
OH,all-surveys,White,Third-Party Candidate,87,941,0.0924548352816153
AZ,all-surveys,Other,Donald J. Trump,84,238,0.35294117647058826
AZ,all-surveys,Native American / American Indian,Donald J. Trump,83,258,0.32170542635658916
WA,all-surveys,Black or African American,Donald J. Trump,83,164,0.5060975609756098
NC,all-surveys,White,Third-Party Candidate,82,1503,0.054557551563539586
OK,all-surveys,White,Third-Party Candidate,82,706,0.11614730878186968
AL,all-surveys,Black or African American,Donald J. Trump,81,212,0.38207547169811323
CA,all-surveys,White,Don't know,80,1339,0.05974607916355489
GA,all-surveys,Black or African American,Donald J. Trump,80,139,0.5755395683453237
0_ALL_STATES,all-surveys,Asian American,Donald J. Trump,79,225,0.3511111111111111
0_ALL_STATES,all-surveys,"Hispanic or Latino, Native American / American Indian, White",Donald J. Trump,78,166,0.46987951807228917
SC,all-surveys,Black or African American,Joe Biden,78,359,0.21727019498607242
0_ALL_STATES,all-surveys,"Hispanic or Latino, Other",Donald J. Trump,77,205,0.375609756097561
0_ALL_STATES,all-surveys,"Other, White",Third-Party Candidate,77,567,0.13580246913580246
WA,all-surveys,Hispanic or Latino,Donald J. Trump,77,168,0.4583333333333333
0_ALL_STATES,all-surveys,"Hispanic or Latino, Native American / American Indian",Joe Biden,76,341,0.22287390029325513
AR,all-surveys,Black or African American,Donald J. Trump,75,208,0.3605769230769231
CA,all-surveys,Native American / American Indian,Donald J. Trump,75,177,0.423728813559322
KY,all-surveys,Black or African American,Donald J. Trump,75,225,0.3333333333333333
OK,all-surveys,"Native American / American Indian, White",Donald J. Trump,73,138,0.5289855072463768
0_ALL_STATES,all-surveys,"Black or African American, Other",Joe Biden,69,451,0.15299334811529933
AZ,all-surveys,Native American / American Indian,Joe Biden,69,258,0.26744186046511625
GA,all-surveys,White,Donald J. Trump,69,93,0.7419354838709677
CA,all-surveys,"Hispanic or Latino, White",Donald J. Trump,67,167,0.40119760479041916
CA,all-surveys,Other,Joe Biden,67,383,0.17493472584856398
ME,all-surveys,White,Donald J. Trump,67,111,0.6036036036036037
FL,all-surveys,White,Donald J. Trump,66,93,0.7096774193548387
0_ALL_STATES,all-surveys,"Hispanic or Latino, White",Wouldn't vote,65,615,0.10569105691056911
0_ALL_STATES,all-surveys,"Other, White",Wouldn't vote,64,567,0.1128747795414462
AZ,all-surveys,"Hispanic or Latino, White",Donald J. Trump,64,134,0.47761194029850745
NY,all-surveys,Black or African American,Donald J. Trump,62,126,0.49206349206349204
OH,all-surveys,White,Don't know,62,941,0.06588735387885228
0_ALL_STATES,all-surveys,"Native American / American Indian, White",Don't know,61,1103,0.05530371713508613
KY,all-surveys,Black or African American,Joe Biden,61,225,0.27111111111111114
0_ALL_STATES,all-surveys,"Black or African American, Other",Wouldn't vote,60,451,0.13303769401330376
MI,all-surveys,Black or African American,Donald J. Trump,60,133,0.45112781954887216
OK,all-surveys,Native American / American Indian,Donald J. Trump,60,119,0.5042016806722689
AZ,all-surveys,Black or African American,Don't know,59,581,0.10154905335628227
NC,all-surveys,Hispanic or Latino,Joe Biden,59,169,0.34911242603550297
0_ALL_STATES,all-surveys,"Other, White",Joe Biden,58,567,0.10229276895943562
0_ALL_STATES,all-surveys,"Asian American, Black or African American, Hispanic or Latino, Middle Eastern or Arab, Native American / American Indian, Native Hawaiian or Pacific Islander, Other, White",Donald J. Trump,57,116,0.49137931034482757
0_ALL_STATES,all-surveys,Middle Eastern or Arab,Donald J. Trump,56,105,0.5333333333333333
AZ,all-surveys,Black or African American,Third-Party Candidate,56,581,0.0963855421686747
CA,all-surveys,Other,Third-Party Candidate,56,383,0.1462140992167102
CO,all-surveys,Hispanic or Latino,Donald J. Trump,56,98,0.5714285714285714
OK,all-surveys,White,Don't know,56,706,0.07932011331444759
PA,all-surveys,Hispanic or Latino,Donald J. Trump,56,82,0.6829268292682927
WA,all-surveys,Other,Donald J. Trump,56,125,0.448
0_ALL_STATES,all-surveys,Asian American,Joe Biden,55,225,0.24444444444444444
CA,all-surveys,Other,Wouldn't vote,55,383,0.14360313315926893
WA,all-surveys,Native American / American Indian,Donald J. Trump,55,107,0.514018691588785
0_ALL_STATES,all-surveys,"Black or African American, Other",Don't know,54,451,0.1197339246119734
0_ALL_STATES,all-surveys,"Hispanic or Latino, Native American / American Indian",Wouldn't vote,54,341,0.15835777126099707
NC,all-surveys,"Black or African American, Other",Donald J. Trump,54,113,0.4778761061946903
OH,all-surveys,Other,Donald J. Trump,54,109,0.4954128440366973
0_ALL_STATES,all-surveys,"Black or African American, Native American / American Indian",Wouldn't vote,53,393,0.13486005089058525
AL,all-surveys,Black or African American,Joe Biden,53,212,0.25
NC,all-surveys,Hispanic or Latino,Donald J. Trump,53,169,0.3136094674556213
AR,all-surveys,Black or African American,Joe Biden,52,208,0.25
AR,all-surveys,White,Third-Party Candidate,52,524,0.09923664122137404
IL,all-surveys,Hispanic or Latino,Donald J. Trump,52,95,0.5473684210526316
WA,all-surveys,White,Don't know,52,883,0.05889014722536806
0_ALL_STATES,all-surveys,"Black or African American, Hispanic or Latino",Joe Biden,51,240,0.2125
0_ALL_STATES,all-surveys,"Black or African American, White",Joe Biden,51,260,0.19615384615384615
CA,all-surveys,"Native American / American Indian, White",Donald J. Trump,51,106,0.4811320754716981
AR,all-surveys,"Native American / American Indian, White",Donald J. Trump,50,73,0.684931506849315
AR,all-surveys,White,Wouldn't vote,50,524,0.09541984732824428
NC,all-surveys,Other,Wouldn't vote,50,316,0.15822784810126583
AZ,all-surveys,Other,Joe Biden,49,238,0.20588235294117646
AZ,all-surveys,Other,Wouldn't vote,49,238,0.20588235294117646
UT,all-surveys,White,Donald J. Trump,49,75,0.6533333333333333
WV,all-surveys,White,Wouldn't vote,49,611,0.08019639934533551
AR,all-surveys,White,Joe Biden,48,524,0.0916030534351145
IL,all-surveys,Black or African American,Don't know,48,307,0.1563517915309446
NH,all-surveys,White,Donald J. Trump,48,85,0.5647058823529412
KY,all-surveys,White,Don't know,47,1038,0.04527938342967245
WV,all-surveys,White,Third-Party Candidate,47,611,0.07692307692307693
IL,all-surveys,White,Donald J. Trump,46,75,0.6133333333333333
OH,all-surveys,Black or African American,Don't know,46,442,0.10407239819004525
OH,all-surveys,Black or African American,Third-Party Candidate,46,442,0.10407239819004525
OH,all-surveys,Black or African American,Wouldn't vote,46,442,0.10407239819004525
0_ALL_STATES,all-surveys,"Black or African American, Native American / American Indian, White",Donald J. Trump,45,100,0.45
0_ALL_STATES,all-surveys,Native Hawaiian or Pacific Islander,Joe Biden,45,199,0.22613065326633167
VA,all-surveys,Black or African American,Donald J. Trump,45,99,0.45454545454545453
0_ALL_STATES,all-surveys,"Black or African American, Other",Third-Party Candidate,44,451,0.0975609756097561
IL,all-surveys,Black or African American,Joe Biden,44,307,0.14332247557003258
NC,all-surveys,Other,Don't know,44,316,0.13924050632911392
OR,all-surveys,White,Joe Biden,44,309,0.1423948220064725
PA,all-surveys,White,Wouldn't vote,44,322,0.13664596273291926
0_ALL_STATES,all-surveys,"Black or African American, Native American / American Indian",Don't know,43,393,0.10941475826972011
0_ALL_STATES,all-surveys,"Hispanic or Latino, Other",Joe Biden,43,205,0.2097560975609756
0_ALL_STATES,all-surveys,"Native American / American Indian, Other",Donald J. Trump,43,91,0.4725274725274725
CA,all-surveys,Other,Don't know,43,383,0.1122715404699739
OH,all-surveys,"Native American / American Indian, White",Donald J. Trump,43,68,0.6323529411764706
OK,all-surveys,Black or African American,Donald J. Trump,43,138,0.3115942028985507
OR,all-surveys,White,Third-Party Candidate,43,309,0.13915857605177995
SC,all-surveys,Black or African American,Don't know,43,359,0.11977715877437325
0_ALL_STATES,all-surveys,"Hispanic or Latino, White",Don't know,42,615,0.06829268292682927
CA,all-surveys,Native American / American Indian,Joe Biden,42,177,0.23728813559322035
WV,all-surveys,White,Joe Biden,42,611,0.06873977086743044
0_ALL_STATES,all-surveys,"Hispanic or Latino, Native American / American Indian",Third-Party Candidate,41,341,0.12023460410557185
MA,all-surveys,Hispanic or Latino,Donald J. Trump,41,82,0.5
WV,all-surveys,"Native American / American Indian, White",Donald J. Trump,41,55,0.7454545454545455
0_ALL_STATES,all-surveys,"Black or African American, Hispanic or Latino, Native American / American Indian",Donald J. Trump,40,75,0.5333333333333333
0_ALL_STATES,all-surveys,"Black or African American, Native American / American Indian, Other",Donald J. Trump,40,82,0.4878048780487805
0_ALL_STATES,all-surveys,"Hispanic or Latino, Native American / American Indian",Don't know,40,341,0.11730205278592376
CA,all-surveys,"Hispanic or Latino, Other",Donald J. Trump,40,114,0.3508771929824561
NC,all-surveys,"Black or African American, Native American / American Indian",Donald J. Trump,40,92,0.43478260869565216
SC,all-surveys,Black or African American,Wouldn't vote,40,359,0.11142061281337047
WA,all-surveys,"Native American / American Indian, White",Donald J. Trump,40,62,0.6451612903225806
CA,all-surveys,"Other, White",Donald J. Trump,39,88,0.4431818181818182
SD,all-surveys,Native American / American Indian,Joe Biden,39,144,0.2708333333333333
0_ALL_STATES,all-surveys,"Native American / American Indian, Other, White",Third-Party Candidate,38,203,0.18719211822660098
AZ,all-surveys,Native American / American Indian,Wouldn't vote,38,258,0.14728682170542637
CA,all-surveys,"Hispanic or Latino, White",Joe Biden,38,167,0.2275449101796407
NE,all-surveys,Black or African American,Donald J. Trump,38,107,0.35514018691588783
SD,all-surveys,Native American / American Indian,Donald J. Trump,38,144,0.2638888888888889
0_ALL_STATES,all-surveys,"Hispanic or Latino, Other, White",Donald J. Trump,37,87,0.42528735632183906
0_ALL_STATES,all-surveys,"Other, White",Don't know,37,567,0.06525573192239859
AL,all-surveys,White,Third-Party Candidate,37,325,0.11384615384615385
AZ,all-surveys,"Hispanic or Latino, Native American / American Indian",Donald J. Trump,37,105,0.3523809523809524
CA,all-surveys,Asian American,Joe Biden,37,103,0.3592233009708738
NC,all-surveys,Other,Joe Biden,37,316,0.11708860759493671
NC,all-surveys,"Other, White",Donald J. Trump,37,59,0.6271186440677966
0_ALL_STATES,all-surveys,Asian American,Third-Party Candidate,36,225,0.16
AZ,all-surveys,Other,Third-Party Candidate,36,238,0.15126050420168066
CA,all-surveys,"Black or African American, Other",Donald J. Trump,36,67,0.5373134328358209
CA,all-surveys,"Hispanic or Latino, Native American / American Indian",Joe Biden,36,113,0.3185840707964602
IN,all-surveys,White,Donald J. Trump,36,54,0.6666666666666666
OK,all-surveys,Black or African American,Joe Biden,36,138,0.2608695652173913
IL,all-surveys,Other,Donald J. Trump,35,53,0.660377358490566
KY,all-surveys,"Native American / American Indian, White",Donald J. Trump,35,49,0.7142857142857143
MA,all-surveys,Black or African American,Donald J. Trump,35,80,0.4375
WA,all-surveys,Hispanic or Latino,Joe Biden,34,168,0.20238095238095238
CA,all-surveys,"Hispanic or Latino, Native American / American Indian",Donald J. Trump,33,113,0.2920353982300885
KY,all-surveys,Black or African American,Wouldn't vote,33,225,0.14666666666666667
0_ALL_STATES,all-surveys,"Black or African American, Native American / American Indian",Third-Party Candidate,32,393,0.08142493638676845
0_ALL_STATES,all-surveys,"Black or African American, White",Wouldn't vote,32,260,0.12307692307692308
NC,all-surveys,Other,Third-Party Candidate,32,316,0.10126582278481013
NJ,all-surveys,Black or African American,Donald J. Trump,32,53,0.6037735849056604
SC,all-surveys,White,Third-Party Candidate,32,405,0.07901234567901234
SC,all-surveys,White,Wouldn't vote,32,405,0.07901234567901234
SD,all-surveys,Native American / American Indian,Wouldn't vote,32,144,0.2222222222222222
AL,all-surveys,White,Wouldn't vote,31,325,0.09538461538461539
AZ,all-surveys,Native American / American Indian,Third-Party Candidate,31,258,0.12015503875968993
KY,all-surveys,Black or African American,Third-Party Candidate,31,225,0.13777777777777778
KY,all-surveys,Other,Donald J. Trump,31,58,0.5344827586206896
MI,all-surveys,Black or African American,Joe Biden,31,133,0.23308270676691728
MO,all-surveys,White,Donald J. Trump,31,49,0.6326530612244898
NE,all-surveys,Hispanic or Latino,Donald J. Trump,31,73,0.4246575342465753
NE,all-surveys,White,Wouldn't vote,31,251,0.12350597609561753
0_ALL_STATES,all-surveys,"Black or African American, Hispanic or Latino",Wouldn't vote,30,240,0.125
AZ,all-surveys,Native American / American Indian,Don't know,30,258,0.11627906976744186
CA,all-surveys,"Hispanic or Latino, White",Third-Party Candidate,30,167,0.17964071856287425
NE,all-surveys,White,Third-Party Candidate,30,251,0.11952191235059761
PA,all-surveys,White,Joe Biden,30,322,0.09316770186335403
WA,all-surveys,"Other, White",Donald J. Trump,30,50,0.6
AR,all-surveys,Black or African American,Don't know,29,208,0.13942307692307693
OR,all-surveys,White,Wouldn't vote,29,309,0.09385113268608414
TX,all-surveys,Hispanic or Latino,Joe Biden,29,154,0.18831168831168832
0_ALL_STATES,all-surveys,"Hispanic or Latino, Native American / American Indian, White",Joe Biden,28,166,0.1686746987951807
0_ALL_STATES,all-surveys,"Hispanic or Latino, Other",Third-Party Candidate,28,205,0.13658536585365855
0_ALL_STATES,all-surveys,"Middle Eastern or Arab, White",Donald J. Trump,28,43,0.6511627906976745
AL,all-surveys,White,Joe Biden,28,325,0.08615384615384615
CA,all-surveys,Asian American,Donald J. Trump,28,103,0.27184466019417475
NM,all-surveys,Hispanic or Latino,Donald J. Trump,28,53,0.5283018867924528
SC,all-surveys,Black or African American,Third-Party Candidate,28,359,0.07799442896935933
0_ALL_STATES,all-surveys,"Black or African American, Hispanic or Latino, White",Donald J. Trump,27,56,0.48214285714285715
0_ALL_STATES,all-surveys,White,"Donald J. Trump, Wouldn't vote",27,13290,0.0020316027088036117
AL,all-surveys,Black or African American,Wouldn't vote,27,212,0.12735849056603774
AZ,all-surveys,"Hispanic or Latino, White",Joe Biden,27,134,0.20149253731343283
CA,all-surveys,Native American / American Indian,Third-Party Candidate,27,177,0.15254237288135594
OH,all-surveys,Native American / American Indian,Donald J. Trump,27,42,0.6428571428571429
OH,all-surveys,"Other, White",Donald J. Trump,27,48,0.5625
PA,all-surveys,Black or African American,Joe Biden,27,158,0.17088607594936708
PA,all-surveys,White,Third-Party Candidate,27,322,0.08385093167701864
0_ALL_STATES,all-surveys,Asian American,Wouldn't vote,26,225,0.11555555555555555
0_ALL_STATES,all-surveys,"Asian American, White",Donald J. Trump,26,46,0.5652173913043478
AR,all-surveys,Black or African American,Third-Party Candidate,26,208,0.125
CA,all-surveys,Native Hawaiian or Pacific Islander,Donald J. Trump,26,64,0.40625
GA,all-surveys,Black or African American,Joe Biden,26,139,0.18705035971223022
NY,all-surveys,Hispanic or Latino,Donald J. Trump,26,56,0.4642857142857143
WA,all-surveys,Other,Wouldn't vote,26,125,0.208
WV,all-surveys,Black or African American,Donald J. Trump,26,65,0.4
0_ALL_STATES,all-surveys,"Black or African American, White",Third-Party Candidate,25,260,0.09615384615384616
0_ALL_STATES,all-surveys,"Hispanic or Latino, Native American / American Indian, White",Third-Party Candidate,25,166,0.15060240963855423
0_ALL_STATES,all-surveys,"Hispanic or Latino, Other",Don't know,25,205,0.12195121951219512
AZ,all-surveys,"Other, White",Donald J. Trump,25,69,0.36231884057971014
CA,all-surveys,"Hispanic or Latino, Other",Joe Biden,25,114,0.21929824561403508
OK,all-surveys,Native American / American Indian,Wouldn't vote,25,119,0.21008403361344538
OK,all-surveys,Other,Donald J. Trump,25,62,0.4032258064516129
SC,all-surveys,White,Joe Biden,25,405,0.06172839506172839
SD,all-surveys,White,Third-Party Candidate,25,189,0.13227513227513227
TX,all-surveys,Black or African American,Joe Biden,25,160,0.15625
WA,all-surveys,Black or African American,Wouldn't vote,25,164,0.1524390243902439
0_ALL_STATES,all-surveys,"Black or African American, Hispanic or Latino",Don't know,24,240,0.1
0_ALL_STATES,all-surveys,"Hispanic or Latino, Other",Wouldn't vote,24,205,0.11707317073170732
0_ALL_STATES,all-surveys,"Native American / American Indian, Other, White",Joe Biden,24,203,0.11822660098522167
AL,all-surveys,White,Don't know,24,325,0.07384615384615385
AR,all-surveys,Black or African American,Wouldn't vote,24,208,0.11538461538461539
AZ,all-surveys,"Native American / American Indian, White",Donald J. Trump,24,56,0.42857142857142855
KY,all-surveys,Black or African American,Don't know,24,225,0.10666666666666667
OK,all-surveys,Black or African American,Don't know,24,138,0.17391304347826086
OK,all-surveys,"Native American / American Indian, White",Joe Biden,24,138,0.17391304347826086
OR,all-surveys,"Native American / American Indian, White",Donald J. Trump,24,42,0.5714285714285714
SC,all-surveys,Other,Donald J. Trump,24,49,0.4897959183673469
WA,all-surveys,Black or African American,Joe Biden,24,164,0.14634146341463414
WV,all-surveys,White,Don't know,24,611,0.03927986906710311
AL,all-surveys,Black or African American,Third-Party Candidate,23,212,0.10849056603773585
NC,all-surveys,Hispanic or Latino,Wouldn't vote,23,169,0.13609467455621302
NY,all-surveys,Black or African American,Joe Biden,23,126,0.18253968253968253
SC,all-surveys,White,Don't know,23,405,0.056790123456790124
SD,all-surveys,White,Joe Biden,23,189,0.12169312169312169
WA,all-surveys,Hispanic or Latino,Third-Party Candidate,23,168,0.13690476190476192
0_ALL_STATES,all-surveys,"Native American / American Indian, Other, White",Wouldn't vote,22,203,0.10837438423645321
0_ALL_STATES,all-surveys,Native Hawaiian or Pacific Islander,Third-Party Candidate,22,199,0.11055276381909548
AL,all-surveys,Black or African American,Don't know,22,212,0.10377358490566038
CA,all-surveys,Native American / American Indian,Wouldn't vote,22,177,0.12429378531073447
NE,all-surveys,Black or African American,Joe Biden,22,107,0.205607476635514
NE,all-surveys,White,Joe Biden,22,251,0.08764940239043825
NJ,all-surveys,Hispanic or Latino,Donald J. Trump,22,39,0.5641025641025641
NM,all-surveys,White,Donald J. Trump,22,32,0.6875
NY,all-surveys,White,Wouldn't vote,22,168,0.13095238095238096
SD,all-surveys,White,Wouldn't vote,22,189,0.1164021164021164
WA,all-surveys,Native Hawaiian or Pacific Islander,Donald J. Trump,22,39,0.5641025641025641
0_ALL_STATES,all-surveys,"Native Hawaiian or Pacific Islander, White",Donald J. Trump,21,36,0.5833333333333334
CA,all-surveys,"Black or African American, Hispanic or Latino",Donald J. Trump,21,56,0.375
CA,all-surveys,"Black or African American, Hispanic or Latino",Joe Biden,21,56,0.375
CA,all-surveys,"Hispanic or Latino, White",Wouldn't vote,21,167,0.12574850299401197
MO,all-surveys,Black or African American,Donald J. Trump,21,42,0.5
MT,all-surveys,Native American / American Indian,Donald J. Trump,21,39,0.5384615384615384
OK,all-surveys,Black or African American,Wouldn't vote,21,138,0.15217391304347827
OK,all-surveys,Hispanic or Latino,Donald J. Trump,21,64,0.328125
TX,all-surveys,Black or African American,Wouldn't vote,21,160,0.13125
TX,all-surveys,White,Wouldn't vote,21,190,0.11052631578947368
0_ALL_STATES,all-surveys,"Black or African American, Hispanic or Latino, Native American / American Indian, White",Donald J. Trump,20,39,0.5128205128205128
0_ALL_STATES,all-surveys,"Hispanic or Latino, Native American / American Indian, Other",Donald J. Trump,20,44,0.45454545454545453
0_ALL_STATES,all-surveys,"Native American / American Indian, Other, White",Don't know,20,203,0.09852216748768473
0_ALL_STATES,all-surveys,Native Hawaiian or Pacific Islander,Wouldn't vote,20,199,0.10050251256281408
0_ALL_STATES,all-surveys,White,"Donald J. Trump, Third-Party Candidate",20,13290,0.0015048908954100827
AR,all-surveys,White,Don't know,20,524,0.03816793893129771
CA,all-surveys,"Hispanic or Latino, Native American / American Indian, White",Donald J. Trump,20,57,0.3508771929824561
MI,all-surveys,Other,Donald J. Trump,20,42,0.47619047619047616
MI,all-surveys,White,Joe Biden,20,187,0.10695187165775401
NC,all-surveys,"Black or African American, Native American / American Indian",Joe Biden,20,92,0.21739130434782608
NE,all-surveys,Black or African American,Wouldn't vote,20,107,0.18691588785046728
NE,all-surveys,Hispanic or Latino,Joe Biden,20,73,0.273972602739726
OH,all-surveys,Hispanic or Latino,Donald J. Trump,20,40,0.5
OH,all-surveys,Other,Wouldn't vote,20,109,0.1834862385321101
OR,all-surveys,Hispanic or Latino,Donald J. Trump,20,54,0.37037037037037035
PA,all-surveys,Other,Donald J. Trump,20,39,0.5128205128205128
0_ALL_STATES,all-surveys,Asian American,Don't know,19,225,0.08444444444444445
0_ALL_STATES,all-surveys,Black or African American,"Don't know, Donald J. Trump",19,6391,0.0029729306837740573
AR,all-surveys,Other,Donald J. Trump,19,36,0.5277777777777778
AZ,all-surveys,"Hispanic or Latino, White",Third-Party Candidate,19,134,0.1417910447761194
CA,all-surveys,"Hispanic or Latino, Other",Third-Party Candidate,19,114,0.16666666666666666
CA,all-surveys,"Native American / American Indian, White",Third-Party Candidate,19,106,0.1792452830188679
IL,all-surveys,Black or African American,Third-Party Candidate,19,307,0.06188925081433225
MA,all-surveys,Hispanic or Latino,Joe Biden,19,82,0.23170731707317074
NE,all-surveys,Native American / American Indian,Donald J. Trump,19,41,0.4634146341463415
SC,all-surveys,"Native American / American Indian, White",Donald J. Trump,19,35,0.5428571428571428
TX,all-surveys,"Hispanic or Latino, White",Donald J. Trump,19,32,0.59375
WA,all-surveys,Black or African American,Third-Party Candidate,19,164,0.11585365853658537
0_ALL_STATES,all-surveys,"Asian American, Black or African American, Hispanic or Latino, Middle Eastern or Arab, Native American / American Indian, Native Hawaiian or Pacific Islander, Other, White",Third-Party Candidate,18,116,0.15517241379310345
0_ALL_STATES,all-surveys,"Black or African American, Hispanic or Latino",Third-Party Candidate,18,240,0.075
0_ALL_STATES,all-surveys,"Black or African American, Hispanic or Latino, Other",Donald J. Trump,18,43,0.4186046511627907
0_ALL_STATES,all-surveys,"Black or African American, Native American / American Indian, White",Third-Party Candidate,18,100,0.18
0_ALL_STATES,all-surveys,"Black or African American, Other, White",Donald J. Trump,18,53,0.33962264150943394
0_ALL_STATES,all-surveys,Native Hawaiian or Pacific Islander,Don't know,18,199,0.09045226130653267
0_ALL_STATES,all-surveys,White,"Don't know, Donald J. Trump",18,13290,0.0013544018058690745
AL,all-surveys,"Native American / American Indian, White",Donald J. Trump,18,27,0.6666666666666666
AZ,all-surveys,"Hispanic or Latino, Native American / American Indian",Joe Biden,18,105,0.17142857142857143
CA,all-surveys,"Black or African American, White",Donald J. Trump,18,40,0.45
CA,all-surveys,"Hispanic or Latino, Native American / American Indian",Wouldn't vote,18,113,0.1592920353982301
CA,all-surveys,Middle Eastern or Arab,Donald J. Trump,18,29,0.6206896551724138
MA,all-surveys,Black or African American,Joe Biden,18,80,0.225
NC,all-surveys,"Black or African American, Other",Don't know,18,113,0.1592920353982301
NC,all-surveys,"Native American / American Indian, Other, White",Donald J. Trump,18,29,0.6206896551724138
NY,all-surveys,Other,Donald J. Trump,18,25,0.72
NY,all-surveys,White,Joe Biden,18,168,0.10714285714285714
NY,all-surveys,White,Third-Party Candidate,18,168,0.10714285714285714
OK,all-surveys,Hispanic or Latino,Joe Biden,18,64,0.28125
OK,all-surveys,Native American / American Indian,Third-Party Candidate,18,119,0.15126050420168066
SC,all-surveys,Native American / American Indian,Donald J. Trump,18,25,0.72
WA,all-surveys,Other,Third-Party Candidate,18,125,0.144
WI,all-surveys,White,Donald J. Trump,18,43,0.4186046511627907
0_ALL_STATES,all-surveys,"Asian American, Black or African American",Donald J. Trump,17,33,0.5151515151515151
0_ALL_STATES,all-surveys,"Black or African American, Native American / American Indian, Other, White",Donald J. Trump,17,40,0.425
0_ALL_STATES,all-surveys,"Black or African American, White",Don't know,17,260,0.06538461538461539
0_ALL_STATES,all-surveys,"Hispanic or Latino, Native American / American Indian, White",Wouldn't vote,17,166,0.10240963855421686
AL,all-surveys,Other,Donald J. Trump,17,34,0.5
CA,all-surveys,Native Hawaiian or Pacific Islander,Joe Biden,17,64,0.265625
IL,all-surveys,Black or African American,Wouldn't vote,17,307,0.05537459283387622
KY,all-surveys,"Other, White",Donald J. Trump,17,26,0.6538461538461539
MA,all-surveys,White,Wouldn't vote,17,156,0.10897435897435898
MT,all-surveys,White,Third-Party Candidate,17,139,0.1223021582733813
NY,all-surveys,Black or African American,Don't know,17,126,0.1349206349206349
OK,all-surveys,"Native American / American Indian, White",Third-Party Candidate,17,138,0.12318840579710146
TX,all-surveys,Hispanic or Latino,Don't know,17,154,0.11038961038961038
0_ALL_STATES,all-surveys,"Asian American, Other",Donald J. Trump,16,33,0.48484848484848486
0_ALL_STATES,all-surveys,White,"Don't know, Wouldn't vote",16,13290,0.0012039127163280662
AR,all-surveys,Native American / American Indian,Donald J. Trump,16,24,0.6666666666666666
AZ,all-surveys,Native Hawaiian or Pacific Islander,Donald J. Trump,16,41,0.3902439024390244
CA,all-surveys,"Black or African American, Native American / American Indian",Donald J. Trump,16,40,0.4
CA,all-surveys,"Hispanic or Latino, Native American / American Indian",Don't know,16,113,0.1415929203539823
CA,all-surveys,"Other, White",Joe Biden,16,88,0.18181818181818182
CO,all-surveys,White,Joe Biden,16,162,0.09876543209876543
CO,all-surveys,White,Wouldn't vote,16,162,0.09876543209876543
MI,all-surveys,White,Third-Party Candidate,16,187,0.0855614973262032
NC,all-surveys,Hispanic or Latino,Third-Party Candidate,16,169,0.09467455621301775
NH,all-surveys,White,Third-Party Candidate,16,85,0.18823529411764706
NJ,all-surveys,White,Donald J. Trump,16,30,0.5333333333333333
OK,all-surveys,"Native American / American Indian, White",Wouldn't vote,16,138,0.11594202898550725
OR,all-surveys,Hispanic or Latino,Joe Biden,16,54,0.2962962962962963
PA,all-surveys,"Native American / American Indian, White",Donald J. Trump,16,20,0.8
VA,all-surveys,Black or African American,Joe Biden,16,99,0.16161616161616163
WA,all-surveys,Hispanic or Latino,Wouldn't vote,16,168,0.09523809523809523
WA,all-surveys,"Hispanic or Latino, White",Donald J. Trump,16,35,0.45714285714285713
WA,all-surveys,Native American / American Indian,Wouldn't vote,16,107,0.14953271028037382
0_ALL_STATES,all-surveys,"Asian American, Black or African American, Hispanic or Latino, Middle Eastern or Arab, Native American / American Indian, Native Hawaiian or Pacific Islander, Other, White",Joe Biden,15,116,0.12931034482758622
0_ALL_STATES,all-surveys,"Black or African American, Middle Eastern or Arab",Donald J. Trump,15,25,0.6
0_ALL_STATES,all-surveys,"Hispanic or Latino, Native American / American Indian, Other, White",Donald J. Trump,15,45,0.3333333333333333
0_ALL_STATES,all-surveys,"Hispanic or Latino, Other, White",Wouldn't vote,15,87,0.1724137931034483
0_ALL_STATES,all-surveys,Middle Eastern or Arab,Third-Party Candidate,15,105,0.14285714285714285
AZ,all-surveys,"Hispanic or Latino, Native American / American Indian",Don't know,15,105,0.14285714285714285
AZ,all-surveys,"Hispanic or Latino, Native American / American Indian",Third-Party Candidate,15,105,0.14285714285714285
AZ,all-surveys,"Hispanic or Latino, Native American / American Indian",Wouldn't vote,15,105,0.14285714285714285
AZ,all-surveys,"Hispanic or Latino, Other",Donald J. Trump,15,40,0.375
AZ,all-surveys,Other,Don't know,15,238,0.06302521008403361
CA,all-surveys,Asian American,Third-Party Candidate,15,103,0.14563106796116504
CA,all-surveys,"Hispanic or Latino, Native American / American Indian, White",Third-Party Candidate,15,57,0.2631578947368421
CA,all-surveys,"Hispanic or Latino, Other",Don't know,15,114,0.13157894736842105
CA,all-surveys,"Other, White",Third-Party Candidate,15,88,0.17045454545454544
CO,all-surveys,Black or African American,Donald J. Trump,15,31,0.4838709677419355
GA,all-surveys,Black or African American,Wouldn't vote,15,139,0.1079136690647482
NE,all-surveys,White,Don't know,15,251,0.05976095617529881
NY,all-surveys,Black or African American,Wouldn't vote,15,126,0.11904761904761904
OR,all-surveys,White,Don't know,15,309,0.04854368932038835
PA,all-surveys,Black or African American,Don't know,15,158,0.0949367088607595
PA,all-surveys,White,Don't know,15,322,0.046583850931677016
VA,all-surveys,Black or African American,Don't know,15,99,0.15151515151515152
VA,all-surveys,White,Wouldn't vote,15,146,0.10273972602739725
WA,all-surveys,Hispanic or Latino,Don't know,15,168,0.08928571428571429
WA,all-surveys,Native American / American Indian,Joe Biden,15,107,0.14018691588785046
WV,all-surveys,Native American / American Indian,Donald J. Trump,15,18,0.8333333333333334
0_ALL_STATES,all-surveys,Black or African American,"Donald J. Trump, Joe Biden",14,6391,0.002190580503833516
0_ALL_STATES,all-surveys,"Black or African American, Native American / American Indian, White",Wouldn't vote,14,100,0.14
0_ALL_STATES,all-surveys,"Hispanic or Latino, Native Hawaiian or Pacific Islander",Donald J. Trump,14,35,0.4
0_ALL_STATES,all-surveys,"Native American / American Indian, Native Hawaiian or Pacific Islander",Donald J. Trump,14,25,0.56
0_ALL_STATES,all-surveys,"Native American / American Indian, Other",Wouldn't vote,14,91,0.15384615384615385
0_ALL_STATES,all-surveys,White,"Donald J. Trump, Joe Biden",14,13290,0.001053423626787058
AZ,all-surveys,"Black or African American, Native American / American Indian",Donald J. Trump,14,36,0.3888888888888889
AZ,all-surveys,"Black or African American, Other",Donald J. Trump,14,39,0.358974358974359
AZ,all-surveys,"Hispanic or Latino, White",Wouldn't vote,14,134,0.1044776119402985
CA,all-surveys,"Native American / American Indian, White",Joe Biden,14,106,0.1320754716981132
CO,all-surveys,White,Third-Party Candidate,14,162,0.08641975308641975
FL,all-surveys,Hispanic or Latino,Donald J. Trump,14,19,0.7368421052631579
GA,all-surveys,Hispanic or Latino,Donald J. Trump,14,26,0.5384615384615384
IL,all-surveys,Hispanic or Latino,Joe Biden,14,95,0.14736842105263157
ME,all-surveys,White,Joe Biden,14,111,0.12612612612612611
ME,all-surveys,White,Third-Party Candidate,14,111,0.12612612612612611
MI,all-surveys,Black or African American,Don't know,14,133,0.10526315789473684
MI,all-surveys,White,Wouldn't vote,14,187,0.0748663101604278
MT,all-surveys,"Native American / American Indian, White",Donald J. Trump,14,18,0.7777777777777778
NC,all-surveys,Asian American,Donald J. Trump,14,28,0.5
NC,all-surveys,Hispanic or Latino,Don't know,14,169,0.08284023668639054
OR,all-surveys,Other,Donald J. Trump,14,27,0.5185185185185185
OR,all-surveys,"Other, White",Donald J. Trump,14,29,0.4827586206896552
PA,all-surveys,Black or African American,Wouldn't vote,14,158,0.08860759493670886
PA,all-surveys,"Black or African American, White",Donald J. Trump,14,21,0.6666666666666666
SD,all-surveys,Native American / American Indian,Don't know,14,144,0.09722222222222222
SD,all-surveys,Other,Donald J. Trump,14,26,0.5384615384615384
WA,all-surveys,"Hispanic or Latino, Native American / American Indian, White",Donald J. Trump,14,22,0.6363636363636364
WA,all-surveys,Native American / American Indian,Third-Party Candidate,14,107,0.1308411214953271
0_ALL_STATES,all-surveys,Black or African American,"Don't know, Joe Biden",13,6391,0.002034110467845408
0_ALL_STATES,all-surveys,"Black or African American, Hispanic or Latino, Native American / American Indian",Joe Biden,13,75,0.17333333333333334
AZ,all-surveys,"Native American / American Indian, White",Joe Biden,13,56,0.23214285714285715
AZ,all-surveys,"Other, White",Third-Party Candidate,13,69,0.18840579710144928
CA,all-surveys,"Hispanic or Latino, Other, White",Donald J. Trump,13,27,0.48148148148148145
IL,all-surveys,White,Wouldn't vote,13,75,0.17333333333333334
KY,all-surveys,Other,Wouldn't vote,13,58,0.22413793103448276
MA,all-surveys,Other,Donald J. Trump,13,22,0.5909090909090909
MI,all-surveys,Black or African American,Third-Party Candidate,13,133,0.09774436090225563
NC,all-surveys,"Black or African American, Hispanic or Latino",Donald J. Trump,13,30,0.43333333333333335
NC,all-surveys,"Black or African American, Other",Joe Biden,13,113,0.11504424778761062
NC,all-surveys,"Black or African American, Other",Wouldn't vote,13,113,0.11504424778761062
NC,all-surveys,"Black or African American, White",Donald J. Trump,13,26,0.5
NE,all-surveys,Black or African American,Don't know,13,107,0.12149532710280374
NE,all-surveys,Other,Donald J. Trump,13,28,0.4642857142857143
NY,all-surveys,"Native American / American Indian, White",Donald J. Trump,13,18,0.7222222222222222
OH,all-surveys,"Black or African American, Other",Donald J. Trump,13,40,0.325
OR,all-surveys,Native American / American Indian,Donald J. Trump,13,28,0.4642857142857143
SD,all-surveys,Native American / American Indian,Third-Party Candidate,13,144,0.09027777777777778
TX,all-surveys,"Native American / American Indian, White",Donald J. Trump,13,20,0.65
TX,all-surveys,Other,Donald J. Trump,13,28,0.4642857142857143
TX,all-surveys,White,Third-Party Candidate,13,190,0.06842105263157895
VA,all-surveys,White,Third-Party Candidate,13,146,0.08904109589041095
WV,all-surveys,Black or African American,Joe Biden,13,65,0.2
0_ALL_STATES,all-surveys,Black or African American,"Don't know, Wouldn't vote",12,6391,0.0018776404318572994
0_ALL_STATES,all-surveys,"Black or African American, Native American / American Indian, Other, White",Third-Party Candidate,12,40,0.3
0_ALL_STATES,all-surveys,"Black or African American, Native American / American Indian, White",Joe Biden,12,100,0.12
0_ALL_STATES,all-surveys,"Hispanic or Latino, Native American / American Indian, White",Don't know,12,166,0.07228915662650602
0_ALL_STATES,all-surveys,"Hispanic or Latino, Other, White",Joe Biden,12,87,0.13793103448275862
0_ALL_STATES,all-surveys,Middle Eastern or Arab,Joe Biden,12,105,0.11428571428571428
0_ALL_STATES,all-surveys,Middle Eastern or Arab,Wouldn't vote,12,105,0.11428571428571428
0_ALL_STATES,all-surveys,"Native American / American Indian, Other",Joe Biden,12,91,0.13186813186813187
0_ALL_STATES,all-surveys,"Native American / American Indian, Other",Third-Party Candidate,12,91,0.13186813186813187
0_ALL_STATES,all-surveys,White,"Don't know, Third-Party Candidate",12,13290,0.0009029345372460496
AL,all-surveys,Native American / American Indian,Donald J. Trump,12,15,0.8
AR,all-surveys,"Other, White",Donald J. Trump,12,16,0.75
AZ,all-surveys,"Black or African American, Native American / American Indian",Joe Biden,12,36,0.3333333333333333
AZ,all-surveys,"Black or African American, White",Joe Biden,12,29,0.41379310344827586
AZ,all-surveys,"Hispanic or Latino, Other",Joe Biden,12,40,0.3
CA,all-surveys,Asian American,Don't know,12,103,0.11650485436893204
CA,all-surveys,"Asian American, Black or African American, Hispanic or Latino, Middle Eastern or Arab, Native American / American Indian, Native Hawaiian or Pacific Islander, Other, White",Donald J. Trump,12,23,0.5217391304347826
CO,all-surveys,Hispanic or Latino,Don't know,12,98,0.12244897959183673
CO,all-surveys,"Hispanic or Latino, Native American / American Indian",Donald J. Trump,12,23,0.5217391304347826
FL,all-surveys,Black or African American,Donald J. Trump,12,30,0.4
IL,all-surveys,"Black or African American, Other",Donald J. Trump,12,19,0.631578947368421
KY,all-surveys,Native American / American Indian,Donald J. Trump,12,20,0.6
MA,all-surveys,Black or African American,Wouldn't vote,12,80,0.15
MA,all-surveys,White,Joe Biden,12,156,0.07692307692307693
MA,all-surveys,White,Third-Party Candidate,12,156,0.07692307692307693
ME,all-surveys,"Native American / American Indian, White",Donald J. Trump,12,19,0.631578947368421
MI,all-surveys,Black or African American,Wouldn't vote,12,133,0.09022556390977443
MI,all-surveys,"Native American / American Indian, White",Donald J. Trump,12,17,0.7058823529411765
NC,all-surveys,"Black or African American, Native American / American Indian",Don't know,12,92,0.13043478260869565
NC,all-surveys,"Black or African American, Native American / American Indian",Third-Party Candidate,12,92,0.13043478260869565
NC,all-surveys,"Black or African American, Native American / American Indian, Other",Donald J. Trump,12,22,0.5454545454545454
NE,all-surveys,Black or African American,Third-Party Candidate,12,107,0.11214953271028037
NY,all-surveys,Hispanic or Latino,Joe Biden,12,56,0.21428571428571427
OH,all-surveys,"Black or African American, Native American / American Indian",Donald J. Trump,12,29,0.41379310344827586
OH,all-surveys,Other,Don't know,12,109,0.11009174311926606
OK,all-surveys,Black or African American,Third-Party Candidate,12,138,0.08695652173913043
OR,all-surveys,Black or African American,Donald J. Trump,12,32,0.375
PA,all-surveys,"Black or African American, Other",Donald J. Trump,12,22,0.5454545454545454
TX,all-surveys,Hispanic or Latino,Wouldn't vote,12,154,0.07792207792207792
VA,all-surveys,Black or African American,Wouldn't vote,12,99,0.12121212121212122
VA,all-surveys,Hispanic or Latino,Donald J. Trump,12,19,0.631578947368421
WA,all-surveys,Other,Joe Biden,12,125,0.096
WV,all-surveys,Black or African American,Wouldn't vote,12,65,0.18461538461538463
WV,all-surveys,"Other, White",Donald J. Trump,12,17,0.7058823529411765
0_ALL_STATES,all-surveys,"Black or African American, Native American / American Indian, Other",Third-Party Candidate,11,82,0.13414634146341464
0_ALL_STATES,all-surveys,"Black or African American, Native Hawaiian or Pacific Islander",Don't know,11,39,0.28205128205128205
0_ALL_STATES,all-surveys,"Black or African American, Native Hawaiian or Pacific Islander",Donald J. Trump,11,39,0.28205128205128205
0_ALL_STATES,all-surveys,"Black or African American, Other, White",Joe Biden,11,53,0.20754716981132076
0_ALL_STATES,all-surveys,"Middle Eastern or Arab, Other",Donald J. Trump,11,18,0.6111111111111112
AZ,all-surveys,"Black or African American, Hispanic or Latino",Donald J. Trump,11,31,0.3548387096774194
AZ,all-surveys,"Other, White",Joe Biden,11,69,0.15942028985507245
CA,all-surveys,"Black or African American, Native American / American Indian",Joe Biden,11,40,0.275
CA,all-surveys,"Hispanic or Latino, Other",Wouldn't vote,11,114,0.09649122807017543
CA,all-surveys,"Native American / American Indian, White",Wouldn't vote,11,106,0.10377358490566038
CA,all-surveys,"Other, White",Wouldn't vote,11,88,0.125
CO,all-surveys,Hispanic or Latino,Joe Biden,11,98,0.11224489795918367
CO,all-surveys,Other,Donald J. Trump,11,28,0.39285714285714285
FL,all-surveys,White,Third-Party Candidate,11,93,0.11827956989247312
GA,all-surveys,Other,Donald J. Trump,11,17,0.6470588235294118
IN,all-surveys,Black or African American,Donald J. Trump,11,22,0.5
MI,all-surveys,Other,Wouldn't vote,11,42,0.2619047619047619
MT,all-surveys,White,Joe Biden,11,139,0.07913669064748201
NC,all-surveys,Native American / American Indian,Joe Biden,11,141,0.07801418439716312
OH,all-surveys,"Black or African American, Other",Wouldn't vote,11,40,0.275
OH,all-surveys,"Hispanic or Latino, White",Donald J. Trump,11,26,0.4230769230769231
OH,all-surveys,"Native American / American Indian, White",Third-Party Candidate,11,68,0.16176470588235295
OH,all-surveys,Other,Joe Biden,11,109,0.10091743119266056
OK,all-surveys,Other,Third-Party Candidate,11,62,0.1774193548387097
OK,all-surveys,Other,Wouldn't vote,11,62,0.1774193548387097
PA,all-surveys,Black or African American,Third-Party Candidate,11,158,0.06962025316455696
SD,all-surveys,Black or African American,Donald J. Trump,11,24,0.4583333333333333
TX,all-surveys,Black or African American,Don't know,11,160,0.06875
WA,all-surveys,Black or African American,Don't know,11,164,0.06707317073170732
WI,all-surveys,Black or African American,Donald J. Trump,11,23,0.4782608695652174
0_ALL_STATES,2024-001,White,Donald J. Trump,8297,13450,0.6168773234200744
0_ALL_STATES,2024-001,Black or African American,Donald J. Trump,2707,6418,0.4217824867559988
0_ALL_STATES,2024-001,Hispanic or Latino,Donald J. Trump,1860,4802,0.3873386089129529
0_ALL_STATES,2024-001,White,Joe Biden,1581,13450,0.11754646840148698
0_ALL_STATES,2024-001,Black or African American,Joe Biden,1493,6418,0.23262698660018696
0_ALL_STATES,2024-001,White,Third-Party Candidate,1387,13450,0.10312267657992565
0_ALL_STATES,2024-001,Hispanic or Latino,Joe Biden,1363,4802,0.28384006663890043
0_ALL_STATES,2024-001,White,Wouldn't vote,1309,13450,0.09732342007434944
NC,2024-001,White,Donald J. Trump,1121,1524,0.7355643044619422
AZ,2024-001,White,Donald J. Trump,1000,2001,0.49975012493753124
0_ALL_STATES,2024-001,Other,Donald J. Trump,936,2048,0.45703125
0_ALL_STATES,2024-001,Black or African American,Don't know,775,6418,0.12075412901215332
0_ALL_STATES,2024-001,Black or African American,Wouldn't vote,742,6418,0.11561234029292615
0_ALL_STATES,2024-001,White,Don't know,726,13450,0.053977695167286247
CA,2024-001,White,Donald J. Trump,721,1355,0.5321033210332103
KY,2024-001,White,Donald J. Trump,691,1038,0.6657032755298651
CA,2024-001,Hispanic or Latino,Donald J. Trump,683,1982,0.34460141271442984
0_ALL_STATES,2024-001,Native American / American Indian,Donald J. Trump,665,1375,0.48363636363636364
CA,2024-001,Hispanic or Latino,Joe Biden,627,1982,0.31634712411705346
NC,2024-001,Black or African American,Donald J. Trump,612,1441,0.42470506592644
OH,2024-001,White,Donald J. Trump,601,951,0.6319663512092534
0_ALL_STATES,2024-001,"Native American / American Indian, White",Donald J. Trump,599,989,0.6056622851365016
0_ALL_STATES,2024-001,Black or African American,Third-Party Candidate,594,6418,0.09255219694608913
WA,2024-001,White,Donald J. Trump,542,893,0.606942889137738
0_ALL_STATES,2024-001,Hispanic or Latino,Wouldn't vote,539,4802,0.11224489795918367
0_ALL_STATES,2024-001,Hispanic or Latino,Third-Party Candidate,499,4802,0.10391503540191586
AZ,2024-001,Hispanic or Latino,Donald J. Trump,491,1371,0.35813274981765136
0_ALL_STATES,2024-001,Hispanic or Latino,Don't know,479,4802,0.09975010412328196
AZ,2024-001,Hispanic or Latino,Joe Biden,449,1371,0.3274981765134938
WV,2024-001,White,Donald J. Trump,445,615,0.7235772357723578
AZ,2024-001,White,Joe Biden,423,2001,0.21139430284857572
OK,2024-001,White,Donald J. Trump,380,722,0.5263157894736842
AR,2024-001,White,Donald J. Trump,350,524,0.6679389312977099
0_ALL_STATES,2024-001,Other,Wouldn't vote,348,2048,0.169921875
NC,2024-001,Black or African American,Joe Biden,336,1441,0.23317140874392783
CA,2024-001,Black or African American,Donald J. Trump,308,907,0.3395810363836825
SC,2024-001,White,Donald J. Trump,295,411,0.7177615571776156
0_ALL_STATES,2024-001,"Hispanic or Latino, White",Donald J. Trump,266,572,0.46503496503496505
CA,2024-001,Black or African American,Joe Biden,266,907,0.2932745314222712
0_ALL_STATES,2024-001,Other,Third-Party Candidate,258,2048,0.1259765625
AZ,2024-001,White,Third-Party Candidate,257,2001,0.12843578210894552
0_ALL_STATES,2024-001,Other,Joe Biden,254,2048,0.1240234375
CA,2024-001,Hispanic or Latino,Third-Party Candidate,254,1982,0.12815338042381433
CA,2024-001,White,Joe Biden,226,1355,0.16678966789667896
0_ALL_STATES,2024-001,Native American / American Indian,Joe Biden,220,1375,0.16
0_ALL_STATES,2024-001,Other,Don't know,211,2048,0.10302734375
AZ,2024-001,Black or African American,Donald J. Trump,211,595,0.3546218487394958
CA,2024-001,Hispanic or Latino,Don't know,210,1982,0.10595358224016145
AL,2024-001,White,Donald J. Trump,206,334,0.6167664670658682
PA,2024-001,White,Donald J. Trump,206,324,0.6358024691358025
NC,2024-001,Black or African American,Don't know,203,1441,0.14087439278278974
OH,2024-001,Black or African American,Donald J. Trump,199,444,0.44819819819819817
0_ALL_STATES,2024-001,Native American / American Indian,Wouldn't vote,193,1375,0.14036363636363636
0_ALL_STATES,2024-001,"Other, White",Donald J. Trump,192,359,0.5348189415041783
AZ,2024-001,White,Wouldn't vote,192,2001,0.095952023988006
CA,2024-001,Hispanic or Latino,Wouldn't vote,188,1982,0.09485368314833502
CA,2024-001,White,Third-Party Candidate,186,1355,0.13726937269372694
OR,2024-001,White,Donald J. Trump,185,317,0.583596214511041
AZ,2024-001,Hispanic or Latino,Wouldn't vote,174,1371,0.12691466083150985
0_ALL_STATES,2024-001,Native American / American Indian,Third-Party Candidate,173,1375,0.12581818181818183
IL,2024-001,Black or African American,Donald J. Trump,171,304,0.5625
CA,2024-001,Other,Donald J. Trump,168,413,0.4067796610169492
AZ,2024-001,Black or African American,Joe Biden,167,595,0.280672268907563
NC,2024-001,Other,Donald J. Trump,164,346,0.47398843930635837
SC,2024-001,Black or African American,Donald J. Trump,161,358,0.44972067039106145
0_ALL_STATES,2024-001,"Black or African American, Native American / American Indian",Donald J. Trump,160,371,0.431266846361186
NE,2024-001,White,Donald J. Trump,151,255,0.592156862745098
NC,2024-001,Black or African American,Wouldn't vote,146,1441,0.10131852879944483
0_ALL_STATES,2024-001,"Black or African American, Other",Donald J. Trump,143,285,0.5017543859649123
TX,2024-001,White,Donald J. Trump,132,189,0.6984126984126984
MI,2024-001,White,Donald J. Trump,131,193,0.6787564766839378
0_ALL_STATES,2024-001,"Native American / American Indian, White",Third-Party Candidate,129,989,0.13043478260869565
AZ,2024-001,Hispanic or Latino,Don't know,122,1371,0.08898614150255288
CA,2024-001,White,Wouldn't vote,122,1355,0.09003690036900369
CA,2024-001,Black or African American,Don't know,119,907,0.13120176405733186
NC,2024-001,Black or African American,Third-Party Candidate,119,1441,0.08258154059680778
0_ALL_STATES,2024-001,"Hispanic or Latino, Native American / American Indian",Donald J. Trump,117,322,0.36335403726708076
AZ,2024-001,Hispanic or Latino,Third-Party Candidate,115,1371,0.08388037928519329
NC,2024-001,White,Joe Biden,115,1524,0.07545931758530183
NC,2024-001,Native American / American Indian,Donald J. Trump,113,150,0.7533333333333333
0_ALL_STATES,2024-001,"Black or African American, Hispanic or Latino",Donald J. Trump,110,222,0.4954954954954955
0_ALL_STATES,2024-001,"Black or African American, White",Donald J. Trump,110,231,0.47619047619047616
MA,2024-001,White,Donald J. Trump,108,161,0.6708074534161491
NC,2024-001,White,Wouldn't vote,108,1524,0.07086614173228346
VA,2024-001,White,Donald J. Trump,108,151,0.7152317880794702
SD,2024-001,White,Donald J. Trump,107,188,0.5691489361702128
WA,2024-001,White,Third-Party Candidate,106,893,0.1187010078387458
CO,2024-001,White,Donald J. Trump,105,170,0.6176470588235294
0_ALL_STATES,2024-001,"Hispanic or Latino, White",Joe Biden,104,572,0.18181818181818182
AZ,2024-001,White,Don't know,104,2001,0.051974012993503245
0_ALL_STATES,2024-001,Native American / American Indian,Don't know,103,1375,0.07490909090909091
0_ALL_STATES,2024-001,"Native American / American Indian, White",Joe Biden,103,989,0.10414560161779575
CA,2024-001,Black or African American,Third-Party Candidate,100,907,0.11025358324145534
KY,2024-001,White,Joe Biden,100,1038,0.09633911368015415
NY,2024-001,White,Donald J. Trump,100,170,0.5882352941176471
OK,2024-001,White,Wouldn't vote,99,722,0.1371191135734072
CA,2024-001,Black or African American,Wouldn't vote,98,907,0.10804851157662625
KY,2024-001,White,Third-Party Candidate,98,1038,0.09441233140655106
NC,2024-001,"Native American / American Indian, White",Donald J. Trump,98,120,0.8166666666666667
OK,2024-001,White,Joe Biden,98,722,0.13573407202216067
OH,2024-001,White,Wouldn't vote,97,951,0.10199789695057834
0_ALL_STATES,2024-001,"Hispanic or Latino, White",Third-Party Candidate,96,572,0.16783216783216784
KY,2024-001,White,Wouldn't vote,96,1038,0.09248554913294797
OH,2024-001,Black or African American,Joe Biden,94,444,0.21171171171171171
0_ALL_STATES,2024-001,Native Hawaiian or Pacific Islander,Donald J. Trump,93,197,0.4720812182741117
MT,2024-001,White,Donald J. Trump,93,134,0.6940298507462687
OH,2024-001,White,Joe Biden,93,951,0.09779179810725552
WA,2024-001,White,Wouldn't vote,93,893,0.10414333706606943
AZ,2024-001,Black or African American,Wouldn't vote,92,595,0.1546218487394958
AZ,2024-001,Other,Donald J. Trump,92,265,0.3471698113207547
TX,2024-001,Black or African American,Donald J. Trump,91,157,0.5796178343949044
PA,2024-001,Black or African American,Donald J. Trump,90,161,0.5590062111801242
WA,2024-001,White,Joe Biden,89,893,0.09966405375139978
OH,2024-001,White,Third-Party Candidate,88,951,0.09253417455310199
TX,2024-001,Hispanic or Latino,Donald J. Trump,87,149,0.5838926174496645
0_ALL_STATES,2024-001,"Native American / American Indian, White",Wouldn't vote,85,989,0.0859453993933266
AZ,2024-001,Native American / American Indian,Donald J. Trump,84,260,0.3230769230769231
NC,2024-001,White,Don't know,84,1524,0.05511811023622047
OK,2024-001,White,Third-Party Candidate,82,722,0.11357340720221606
WA,2024-001,Black or African American,Donald J. Trump,82,165,0.49696969696969695
0_ALL_STATES,2024-001,Asian American,Donald J. Trump,81,231,0.35064935064935066
AL,2024-001,Black or African American,Donald J. Trump,81,213,0.38028169014084506
CA,2024-001,White,Don't know,81,1355,0.05977859778597786
NC,2024-001,White,Third-Party Candidate,79,1524,0.05183727034120735
SC,2024-001,Black or African American,Joe Biden,79,358,0.2206703910614525
0_ALL_STATES,2024-001,"Black or African American, Native American / American Indian",Joe Biden,78,371,0.21024258760107817
CA,2024-001,Native American / American Indian,Donald J. Trump,78,185,0.42162162162162165
GA,2024-001,Black or African American,Donald J. Trump,76,135,0.562962962962963
KY,2024-001,Black or African American,Donald J. Trump,75,225,0.3333333333333333
WA,2024-001,Hispanic or Latino,Donald J. Trump,74,164,0.45121951219512196
AR,2024-001,Black or African American,Donald J. Trump,73,207,0.3526570048309179
0_ALL_STATES,2024-001,"Hispanic or Latino, Native American / American Indian, White",Donald J. Trump,71,154,0.461038961038961
0_ALL_STATES,2024-001,"Hispanic or Latino, Native American / American Indian",Joe Biden,69,322,0.21428571428571427
AZ,2024-001,Native American / American Indian,Joe Biden,69,260,0.2653846153846154
GA,2024-001,White,Donald J. Trump,69,93,0.7419354838709677
CA,2024-001,"Hispanic or Latino, White",Donald J. Trump,67,160,0.41875
CA,2024-001,Other,Joe Biden,67,413,0.162227602905569
FL,2024-001,White,Donald J. Trump,67,94,0.7127659574468085
ME,2024-001,White,Donald J. Trump,66,110,0.6
0_ALL_STATES,2024-001,"Native American / American Indian, Other, White",Donald J. Trump,64,142,0.4507042253521127
OK,2024-001,Native American / American Indian,Donald J. Trump,64,126,0.5079365079365079
0_ALL_STATES,2024-001,"Hispanic or Latino, White",Wouldn't vote,63,572,0.11013986013986014
CA,2024-001,Other,Third-Party Candidate,63,413,0.15254237288135594
OH,2024-001,Other,Donald J. Trump,63,125,0.504
MI,2024-001,Black or African American,Donald J. Trump,62,136,0.45588235294117646
OH,2024-001,White,Don't know,62,951,0.06519453207150368
KY,2024-001,Black or African American,Joe Biden,61,225,0.27111111111111114
WA,2024-001,Other,Donald J. Trump,61,139,0.43884892086330934
0_ALL_STATES,2024-001,"Native American / American Indian, White",Don't know,60,989,0.06066734074823053
AZ,2024-001,Black or African American,Don't know,60,595,0.10084033613445378
0_ALL_STATES,2024-001,Asian American,Joe Biden,59,231,0.2554112554112554
0_ALL_STATES,2024-001,Middle Eastern or Arab,Donald J. Trump,59,111,0.5315315315315315
OK,2024-001,"Native American / American Indian, White",Donald J. Trump,59,119,0.4957983193277311
OK,2024-001,White,Don't know,59,722,0.0817174515235457
NY,2024-001,Black or African American,Donald J. Trump,58,122,0.47540983606557374
AZ,2024-001,Black or African American,Third-Party Candidate,57,595,0.0957983193277311
CA,2024-001,Other,Wouldn't vote,57,413,0.13801452784503632
PA,2024-001,Hispanic or Latino,Donald J. Trump,56,87,0.6436781609195402
0_ALL_STATES,2024-001,"Black or African American, Native American / American Indian",Wouldn't vote,55,371,0.14824797843665768
AZ,2024-001,"Hispanic or Latino, White",Donald J. Trump,55,119,0.46218487394957986
AZ,2024-001,Other,Joe Biden,55,265,0.20754716981132076
AZ,2024-001,Other,Wouldn't vote,54,265,0.2037735849056604
CO,2024-001,Hispanic or Latino,Donald J. Trump,54,99,0.5454545454545454
NC,2024-001,Hispanic or Latino,Joe Biden,54,161,0.33540372670807456
AL,2024-001,Black or African American,Joe Biden,53,213,0.24882629107981222
AR,2024-001,Black or African American,Joe Biden,53,207,0.2560386473429952
NC,2024-001,Other,Wouldn't vote,53,346,0.1531791907514451
WA,2024-001,Native American / American Indian,Donald J. Trump,53,107,0.4953271028037383
0_ALL_STATES,2024-001,"Hispanic or Latino, Native American / American Indian",Wouldn't vote,52,322,0.16149068322981366
AR,2024-001,White,Third-Party Candidate,52,524,0.09923664122137404
IL,2024-001,Hispanic or Latino,Donald J. Trump,52,93,0.5591397849462365
WA,2024-001,White,Don't know,52,893,0.05823068309070549
CA,2024-001,Other,Don't know,51,413,0.1234866828087167
NC,2024-001,Hispanic or Latino,Donald J. Trump,51,161,0.3167701863354037
NC,2024-001,Other,Don't know,51,346,0.14739884393063585
AR,2024-001,White,Wouldn't vote,50,524,0.09541984732824428
IL,2024-001,White,Donald J. Trump,50,83,0.6024096385542169
UT,2024-001,White,Donald J. Trump,50,76,0.6578947368421053
NH,2024-001,White,Donald J. Trump,48,85,0.5647058823529412
WV,2024-001,White,Wouldn't vote,48,615,0.07804878048780488
0_ALL_STATES,2024-001,"Hispanic or Latino, Other",Donald J. Trump,47,129,0.3643410852713178
KY,2024-001,White,Don't know,47,1038,0.04527938342967245
OH,2024-001,Black or African American,Don't know,47,444,0.10585585585585586
OH,2024-001,Black or African American,Third-Party Candidate,47,444,0.10585585585585586
AR,2024-001,White,Joe Biden,46,524,0.08778625954198473
CA,2024-001,"Native American / American Indian, White",Donald J. Trump,46,96,0.4791666666666667
IL,2024-001,Black or African American,Don't know,46,304,0.1513157894736842
OH,2024-001,Black or African American,Wouldn't vote,46,444,0.1036036036036036
PA,2024-001,White,Wouldn't vote,46,324,0.1419753086419753
VA,2024-001,Black or African American,Donald J. Trump,46,101,0.45544554455445546
0_ALL_STATES,2024-001,"Black or African American, White",Joe Biden,45,231,0.19480519480519481
OK,2024-001,Black or African American,Donald J. Trump,45,146,0.3082191780821918
IL,2024-001,Black or African American,Joe Biden,44,304,0.14473684210526316
OR,2024-001,White,Third-Party Candidate,44,317,0.138801261829653
WV,2024-001,White,Third-Party Candidate,44,615,0.07154471544715447
0_ALL_STATES,2024-001,"Asian American, Black or African American, Hispanic or Latino, Middle Eastern or Arab, Native American / American Indian, Native Hawaiian or Pacific Islander, Other, White",Donald J. Trump,43,90,0.4777777777777778
0_ALL_STATES,2024-001,"Other, White",Joe Biden,43,359,0.11977715877437325
0_ALL_STATES,2024-001,"Other, White",Third-Party Candidate,43,359,0.11977715877437325
MA,2024-001,Hispanic or Latino,Donald J. Trump,43,83,0.5180722891566265
OR,2024-001,White,Joe Biden,43,317,0.13564668769716087
0_ALL_STATES,2024-001,"Black or African American, Hispanic or Latino",Joe Biden,42,222,0.1891891891891892
0_ALL_STATES,2024-001,"Black or African American, Native American / American Indian, White",Donald J. Trump,42,96,0.4375
AR,2024-001,"Native American / American Indian, White",Donald J. Trump,42,63,0.6666666666666666
CA,2024-001,Native American / American Indian,Joe Biden,42,185,0.22702702702702704
SC,2024-001,Black or African American,Don't know,42,358,0.11731843575418995
WV,2024-001,White,Joe Biden,42,615,0.06829268292682927
0_ALL_STATES,2024-001,Native Hawaiian or Pacific Islander,Joe Biden,41,197,0.20812182741116753
AZ,2024-001,Other,Third-Party Candidate,41,265,0.15471698113207547
NC,2024-001,"Black or African American, Native American / American Indian",Donald J. Trump,41,90,0.45555555555555555
0_ALL_STATES,2024-001,"Hispanic or Latino, Native American / American Indian",Third-Party Candidate,40,322,0.12422360248447205
OK,2024-001,Black or African American,Joe Biden,40,146,0.273972602739726
SC,2024-001,Black or African American,Wouldn't vote,40,358,0.11173184357541899
0_ALL_STATES,2024-001,"Black or African American, Native American / American Indian",Don't know,39,371,0.10512129380053908
0_ALL_STATES,2024-001,"Hispanic or Latino, Native American / American Indian",Don't know,39,322,0.12111801242236025
0_ALL_STATES,2024-001,"Hispanic or Latino, White",Don't know,39,572,0.06818181818181818
CA,2024-001,Asian American,Joe Biden,39,107,0.3644859813084112
OH,2024-001,"Native American / American Indian, White",Donald J. Trump,39,64,0.609375
SD,2024-001,Native American / American Indian,Donald J. Trump,39,145,0.2689655172413793
WA,2024-001,"Native American / American Indian, White",Donald J. Trump,39,62,0.6290322580645161
AL,2024-001,White,Third-Party Candidate,38,334,0.11377245508982035
AZ,2024-001,Native American / American Indian,Wouldn't vote,38,260,0.14615384615384616
IL,2024-001,Other,Donald J. Trump,38,57,0.6666666666666666
SD,2024-001,Native American / American Indian,Joe Biden,38,145,0.2620689655172414
0_ALL_STATES,2024-001,Asian American,Third-Party Candidate,37,231,0.16017316017316016
NC,2024-001,Other,Joe Biden,37,346,0.1069364161849711
NE,2024-001,Black or African American,Donald J. Trump,37,108,0.3425925925925926
0_ALL_STATES,2024-001,"Black or African American, Other",Joe Biden,36,285,0.12631578947368421
IN,2024-001,White,Donald J. Trump,36,53,0.6792452830188679
0_ALL_STATES,2024-001,"Black or African American, Other",Wouldn't vote,35,285,0.12280701754385964
CA,2024-001,"Hispanic or Latino, White",Joe Biden,35,160,0.21875
KY,2024-001,"Native American / American Indian, White",Donald J. Trump,35,49,0.7142857142857143
0_ALL_STATES,2024-001,"Other, White",Wouldn't vote,34,359,0.0947075208913649
MA,2024-001,Black or African American,Donald J. Trump,34,78,0.4358974358974359
SC,2024-001,White,Third-Party Candidate,34,411,0.0827250608272506
AZ,2024-001,"Hispanic or Latino, Native American / American Indian",Donald J. Trump,33,100,0.33
KY,2024-001,Black or African American,Wouldn't vote,33,225,0.14666666666666667
MO,2024-001,White,Donald J. Trump,33,51,0.6470588235294118
SC,2024-001,White,Wouldn't vote,33,411,0.08029197080291971
WA,2024-001,Hispanic or Latino,Joe Biden,33,164,0.20121951219512196
0_ALL_STATES,2024-001,"Black or African American, Hispanic or Latino, Native American / American Indian",Donald J. Trump,32,67,0.47761194029850745
0_ALL_STATES,2024-001,"Black or African American, White",Wouldn't vote,32,231,0.13852813852813853
AL,2024-001,White,Wouldn't vote,32,334,0.09580838323353294
AZ,2024-001,Native American / American Indian,Third-Party Candidate,32,260,0.12307692307692308
MI,2024-001,Black or African American,Joe Biden,32,136,0.23529411764705882
NC,2024-001,Other,Third-Party Candidate,32,346,0.09248554913294797
NE,2024-001,White,Third-Party Candidate,32,255,0.12549019607843137
SD,2024-001,Native American / American Indian,Wouldn't vote,32,145,0.2206896551724138
WV,2024-001,"Native American / American Indian, White",Donald J. Trump,32,45,0.7111111111111111
0_ALL_STATES,2024-001,"Black or African American, Native American / American Indian",Third-Party Candidate,31,371,0.08355795148247978
0_ALL_STATES,2024-001,"Native American / American Indian, Other",Donald J. Trump,31,66,0.4696969696969697
0_ALL_STATES,2024-001,"Native American / American Indian, Other, White",Third-Party Candidate,31,142,0.21830985915492956
CA,2024-001,"Hispanic or Latino, Native American / American Indian",Donald J. Trump,31,104,0.2980769230769231
KY,2024-001,Black or African American,Third-Party Candidate,31,225,0.13777777777777778
KY,2024-001,Other,Donald J. Trump,31,59,0.5254237288135594
NE,2024-001,White,Wouldn't vote,31,255,0.12156862745098039
NJ,2024-001,Black or African American,Donald J. Trump,31,52,0.5961538461538461
0_ALL_STATES,2024-001,"Black or African American, Other",Don't know,30,285,0.10526315789473684
AZ,2024-001,Native American / American Indian,Don't know,30,260,0.11538461538461539
CA,2024-001,"Black or African American, Other",Donald J. Trump,30,50,0.6
CA,2024-001,"Hispanic or Latino, Native American / American Indian",Joe Biden,30,104,0.28846153846153844
CA,2024-001,Native American / American Indian,Third-Party Candidate,30,185,0.16216216216216217
NC,2024-001,"Black or African American, Other",Donald J. Trump,30,59,0.5084745762711864
0_ALL_STATES,2024-001,"Black or African American, Native American / American Indian, Other",Donald J. Trump,29,60,0.48333333333333334
AR,2024-001,Black or African American,Don't know,29,207,0.14009661835748793
CA,2024-001,Asian American,Donald J. Trump,29,107,0.27102803738317754
NE,2024-001,Hispanic or Latino,Donald J. Trump,29,74,0.3918918918918919
PA,2024-001,White,Joe Biden,29,324,0.08950617283950617
0_ALL_STATES,2024-001,"Black or African American, Hispanic or Latino",Wouldn't vote,28,222,0.12612612612612611
0_ALL_STATES,2024-001,White,"Donald J. Trump, Wouldn't vote",28,13450,0.0020817843866171005
AL,2024-001,White,Joe Biden,28,334,0.08383233532934131
OH,2024-001,Native American / American Indian,Donald J. Trump,28,44,0.6363636363636364
OR,2024-001,White,Wouldn't vote,28,317,0.08832807570977919
SC,2024-001,Black or African American,Third-Party Candidate,28,358,0.0782122905027933
0_ALL_STATES,2024-001,Asian American,Wouldn't vote,27,231,0.11688311688311688
0_ALL_STATES,2024-001,"Black or African American, Other",Third-Party Candidate,27,285,0.09473684210526316
0_ALL_STATES,2024-001,"Hispanic or Latino, Other",Joe Biden,27,129,0.20930232558139536
AL,2024-001,Black or African American,Wouldn't vote,27,213,0.1267605633802817
CA,2024-001,"Hispanic or Latino, White",Third-Party Candidate,27,160,0.16875
CA,2024-001,"Other, White",Donald J. Trump,27,63,0.42857142857142855
OK,2024-001,Other,Donald J. Trump,27,71,0.38028169014084506
PA,2024-001,Black or African American,Joe Biden,27,161,0.16770186335403728
WA,2024-001,Black or African American,Wouldn't vote,27,165,0.16363636363636364
0_ALL_STATES,2024-001,"Hispanic or Latino, Native American / American Indian, White",Joe Biden,26,154,0.16883116883116883
AR,2024-001,Black or African American,Third-Party Candidate,26,207,0.12560386473429952
CA,2024-001,"Hispanic or Latino, Other",Donald J. Trump,26,76,0.34210526315789475
PA,2024-001,White,Third-Party Candidate,26,324,0.08024691358024691
TX,2024-001,Hispanic or Latino,Joe Biden,26,149,0.174496644295302
WA,2024-001,Other,Wouldn't vote,26,139,0.18705035971223022
GA,2024-001,Black or African American,Joe Biden,25,135,0.18518518518518517
NE,2024-001,Black or African American,Joe Biden,25,108,0.23148148148148148
NY,2024-001,Hispanic or Latino,Donald J. Trump,25,54,0.46296296296296297
OK,2024-001,Black or African American,Don't know,25,146,0.17123287671232876
OK,2024-001,Native American / American Indian,Wouldn't vote,25,126,0.1984126984126984
SC,2024-001,Other,Donald J. Trump,25,51,0.49019607843137253
SC,2024-001,White,Joe Biden,25,411,0.06082725060827251
SD,2024-001,White,Third-Party Candidate,25,188,0.13297872340425532
TX,2024-001,Black or African American,Joe Biden,25,157,0.1592356687898089
WV,2024-001,Black or African American,Donald J. Trump,25,68,0.36764705882352944
WV,2024-001,White,Don't know,25,615,0.04065040650406504
0_ALL_STATES,2024-001,"Black or African American, Hispanic or Latino, White",Donald J. Trump,24,53,0.4528301886792453
0_ALL_STATES,2024-001,Native Hawaiian or Pacific Islander,Third-Party Candidate,24,197,0.1218274111675127
AL,2024-001,Black or African American,Third-Party Candidate,24,213,0.11267605633802817
AL,2024-001,White,Don't know,24,334,0.0718562874251497
AR,2024-001,Black or African American,Wouldn't vote,24,207,0.11594202898550725
AZ,2024-001,"Hispanic or Latino, White",Joe Biden,24,119,0.20168067226890757
CA,2024-001,Native Hawaiian or Pacific Islander,Donald J. Trump,24,63,0.38095238095238093
KY,2024-001,Black or African American,Don't know,24,225,0.10666666666666667
MI,2024-001,Other,Donald J. Trump,24,46,0.5217391304347826
NM,2024-001,Hispanic or Latino,Donald J. Trump,24,50,0.48
NY,2024-001,Black or African American,Joe Biden,24,122,0.19672131147540983
SC,2024-001,White,Don't know,24,411,0.058394160583941604
WA,2024-001,Hispanic or Latino,Third-Party Candidate,24,164,0.14634146341463414
WA,2024-001,Native Hawaiian or Pacific Islander,Donald J. Trump,24,42,0.5714285714285714
0_ALL_STATES,2024-001,"Black or African American, White",Third-Party Candidate,23,231,0.09956709956709957
0_ALL_STATES,2024-001,"Hispanic or Latino, Other, White",Donald J. Trump,23,60,0.38333333333333336
0_ALL_STATES,2024-001,"Middle Eastern or Arab, White",Donald J. Trump,23,35,0.6571428571428571
CA,2024-001,Native American / American Indian,Wouldn't vote,23,185,0.12432432432432433
MT,2024-001,Native American / American Indian,Donald J. Trump,23,41,0.5609756097560976
NC,2024-001,"Other, White",Donald J. Trump,23,36,0.6388888888888888
NE,2024-001,White,Joe Biden,23,255,0.09019607843137255
SD,2024-001,White,Joe Biden,23,188,0.12234042553191489
WA,2024-001,Black or African American,Joe Biden,23,165,0.1393939393939394
0_ALL_STATES,2024-001,"Hispanic or Latino, Native American / American Indian, White",Third-Party Candidate,22,154,0.14285714285714285
AL,2024-001,Black or African American,Don't know,22,213,0.10328638497652583
CA,2024-001,"Black or African American, Hispanic or Latino",Donald J. Trump,22,54,0.4074074074074074
NC,2024-001,Hispanic or Latino,Wouldn't vote,22,161,0.13664596273291926
NJ,2024-001,Hispanic or Latino,Donald J. Trump,22,38,0.5789473684210527
NM,2024-001,White,Donald J. Trump,22,32,0.6875
NY,2024-001,White,Wouldn't vote,22,170,0.12941176470588237
OH,2024-001,Hispanic or Latino,Donald J. Trump,22,41,0.5365853658536586
OK,2024-001,Hispanic or Latino,Donald J. Trump,22,66,0.3333333333333333
PA,2024-001,Other,Donald J. Trump,22,43,0.5116279069767442
SD,2024-001,White,Wouldn't vote,22,188,0.11702127659574468
0_ALL_STATES,2024-001,"Asian American, White",Donald J. Trump,21,40,0.525
0_ALL_STATES,2024-001,"Black or African American, Hispanic or Latino",Don't know,21,222,0.0945945945945946
0_ALL_STATES,2024-001,White,"Don't know, Donald J. Trump",21,13450,0.0015613382899628252
0_ALL_STATES,2024-001,White,"Donald J. Trump, Third-Party Candidate",21,13450,0.0015613382899628252
MO,2024-001,Black or African American,Donald J. Trump,21,42,0.5
NE,2024-001,Hispanic or Latino,Joe Biden,21,74,0.28378378378378377
OH,2024-001,Other,Wouldn't vote,21,125,0.168
OK,2024-001,Black or African American,Wouldn't vote,21,146,0.14383561643835616
OR,2024-001,"Native American / American Indian, White",Donald J. Trump,21,39,0.5384615384615384
TX,2024-001,White,Wouldn't vote,21,189,0.1111111111111111
WA,2024-001,Other,Third-Party Candidate,21,139,0.1510791366906475
0_ALL_STATES,2024-001,"Native Hawaiian or Pacific Islander, White",Donald J. Trump,20,35,0.5714285714285714
0_ALL_STATES,2024-001,"Other, White",Don't know,20,359,0.055710306406685235
AR,2024-001,Native American / American Indian,Donald J. Trump,20,28,0.7142857142857143
AR,2024-001,Other,Donald J. Trump,20,39,0.5128205128205128
AZ,2024-001,"Native American / American Indian, White",Donald J. Trump,20,51,0.39215686274509803
CA,2024-001,"Hispanic or Latino, White",Wouldn't vote,20,160,0.125
MA,2024-001,Hispanic or Latino,Joe Biden,20,83,0.24096385542168675
MI,2024-001,White,Joe Biden,20,193,0.10362694300518134
NE,2024-001,Black or African American,Wouldn't vote,20,108,0.18518518518518517
NY,2024-001,White,Third-Party Candidate,20,170,0.11764705882352941
OK,2024-001,"Native American / American Indian, White",Joe Biden,20,119,0.16806722689075632
TX,2024-001,Black or African American,Wouldn't vote,20,157,0.12738853503184713
0_ALL_STATES,2024-001,Black or African American,"Don't know, Donald J. Trump",19,6418,0.002960423808039888
0_ALL_STATES,2024-001,"Hispanic or Latino, Native American / American Indian, White",Wouldn't vote,19,154,0.12337662337662338
0_ALL_STATES,2024-001,Native Hawaiian or Pacific Islander,Wouldn't vote,19,197,0.09644670050761421
AR,2024-001,White,Don't know,19,524,0.03625954198473282
IL,2024-001,Black or African American,Third-Party Candidate,19,304,0.0625
OK,2024-001,Native American / American Indian,Third-Party Candidate,19,126,0.15079365079365079
SC,2024-001,"Native American / American Indian, White",Donald J. Trump,19,31,0.6129032258064516
TX,2024-001,"Hispanic or Latino, White",Donald J. Trump,19,31,0.6129032258064516
WA,2024-001,"Other, White",Donald J. Trump,19,32,0.59375
WI,2024-001,White,Donald J. Trump,19,44,0.4318181818181818
0_ALL_STATES,2024-001,"Black or African American, Hispanic or Latino",Third-Party Candidate,18,222,0.08108108108108109
0_ALL_STATES,2024-001,"Black or African American, Native American / American Indian, White",Third-Party Candidate,18,96,0.1875
0_ALL_STATES,2024-001,"Hispanic or Latino, Other",Third-Party Candidate,18,129,0.13953488372093023
0_ALL_STATES,2024-001,"Native American / American Indian, Other, White",Wouldn't vote,18,142,0.1267605633802817
0_ALL_STATES,2024-001,Native Hawaiian or Pacific Islander,Don't know,18,197,0.09137055837563451
AZ,2024-001,Other,Don't know,18,265,0.06792452830188679
CA,2024-001,"Black or African American, Hispanic or Latino",Joe Biden,18,54,0.3333333333333333
CA,2024-001,"Hispanic or Latino, Native American / American Indian, White",Donald J. Trump,18,50,0.36
CO,2024-001,White,Joe Biden,18,170,0.10588235294117647
IL,2024-001,Black or African American,Wouldn't vote,18,304,0.05921052631578947
MA,2024-001,Black or African American,Joe Biden,18,78,0.23076923076923078
MA,2024-001,White,Wouldn't vote,18,161,0.11180124223602485
MI,2024-001,White,Third-Party Candidate,18,193,0.09326424870466321
NE,2024-001,Native American / American Indian,Donald J. Trump,18,42,0.42857142857142855
NY,2024-001,Other,Donald J. Trump,18,23,0.782608695652174
NY,2024-001,White,Joe Biden,18,170,0.10588235294117647
OK,2024-001,Hispanic or Latino,Joe Biden,18,66,0.2727272727272727
OR,2024-001,Hispanic or Latino,Donald J. Trump,18,51,0.35294117647058826
WA,2024-001,Black or African American,Third-Party Candidate,18,165,0.10909090909090909
WV,2024-001,Native American / American Indian,Donald J. Trump,18,22,0.8181818181818182
0_ALL_STATES,2024-001,Asian American,Don't know,17,231,0.0735930735930736
0_ALL_STATES,2024-001,"Black or African American, Hispanic or Latino, Native American / American Indian, White",Donald J. Trump,17,29,0.5862068965517241
0_ALL_STATES,2024-001,"Black or African American, White",Don't know,17,231,0.0735930735930736
0_ALL_STATES,2024-001,"Hispanic or Latino, Native American / American Indian, Other",Donald J. Trump,17,29,0.5862068965517241
0_ALL_STATES,2024-001,"Hispanic or Latino, Other",Wouldn't vote,17,129,0.13178294573643412
0_ALL_STATES,2024-001,Middle Eastern or Arab,Third-Party Candidate,17,111,0.15315315315315314
0_ALL_STATES,2024-001,White,"Don't know, Wouldn't vote",17,13450,0.0012639405204460967
AL,2024-001,Other,Donald J. Trump,17,34,0.5
AZ,2024-001,"Hispanic or Latino, Native American / American Indian",Joe Biden,17,100,0.17
AZ,2024-001,Native Hawaiian or Pacific Islander,Donald J. Trump,17,40,0.425
CA,2024-001,"Hispanic or Latino, Native American / American Indian",Wouldn't vote,17,104,0.16346153846153846
CA,2024-001,"Hispanic or Latino, Other",Joe Biden,17,76,0.2236842105263158
CA,2024-001,Middle Eastern or Arab,Donald J. Trump,17,28,0.6071428571428571
CO,2024-001,White,Wouldn't vote,17,170,0.1
KY,2024-001,"Other, White",Donald J. Trump,17,25,0.68
MA,2024-001,Other,Donald J. Trump,17,27,0.6296296296296297
NC,2024-001,Hispanic or Latino,Third-Party Candidate,17,161,0.10559006211180125
OK,2024-001,"Native American / American Indian, White",Third-Party Candidate,17,119,0.14285714285714285
SC,2024-001,Native American / American Indian,Donald J. Trump,17,24,0.7083333333333334
VA,2024-001,Black or African American,Joe Biden,17,101,0.16831683168316833
WA,2024-001,Native American / American Indian,Wouldn't vote,17,107,0.1588785046728972
0_ALL_STATES,2024-001,Black or African American,"Donald J. Trump, Joe Biden",16,6418,0.0024929884699283265
AZ,2024-001,"Hispanic or Latino, Native American / American Indian",Don't know,16,100,0.16
AZ,2024-001,"Hispanic or Latino, White",Third-Party Candidate,16,119,0.13445378151260504
CA,2024-001,Asian American,Third-Party Candidate,16,107,0.14953271028037382
CA,2024-001,"Black or African American, Native American / American Indian",Donald J. Trump,16,40,0.4
CA,2024-001,"Native American / American Indian, White",Third-Party Candidate,16,96,0.16666666666666666
CA,2024-001,Native Hawaiian or Pacific Islander,Joe Biden,16,63,0.25396825396825395
CO,2024-001,White,Third-Party Candidate,16,170,0.09411764705882353
MT,2024-001,White,Third-Party Candidate,16,134,0.11940298507462686
NC,2024-001,"Black or African American, Native American / American Indian",Joe Biden,16,90,0.17777777777777778
NH,2024-001,White,Third-Party Candidate,16,85,0.18823529411764706
NJ,2024-001,White,Donald J. Trump,16,30,0.5333333333333333
NY,2024-001,Black or African American,Wouldn't vote,16,122,0.13114754098360656
OR,2024-001,White,Don't know,16,317,0.050473186119873815
PA,2024-001,Black or African American,Don't know,16,161,0.09937888198757763
TX,2024-001,Other,Donald J. Trump,16,32,0.5
WA,2024-001,Hispanic or Latino,Wouldn't vote,16,164,0.0975609756097561
WA,2024-001,"Hispanic or Latino, White",Donald J. Trump,16,35,0.45714285714285713
WA,2024-001,Native American / American Indian,Joe Biden,16,107,0.14953271028037382
0_ALL_STATES,2024-001,"Asian American, Black or African American, Hispanic or Latino, Middle Eastern or Arab, Native American / American Indian, Native Hawaiian or Pacific Islander, Other, White",Third-Party Candidate,15,90,0.16666666666666666
0_ALL_STATES,2024-001,"Native American / American Indian, Other, White",Joe Biden,15,142,0.1056338028169014
AZ,2024-001,"Hispanic or Latino, Native American / American Indian",Third-Party Candidate,15,100,0.15
AZ,2024-001,"Hispanic or Latino, Native American / American Indian",Wouldn't vote,15,100,0.15
CA,2024-001,"Black or African American, White",Donald J. Trump,15,34,0.4411764705882353
CO,2024-001,Black or African American,Donald J. Trump,15,31,0.4838709677419355
GA,2024-001,Black or African American,Wouldn't vote,15,135,0.1111111111111111
NE,2024-001,Other,Donald J. Trump,15,32,0.46875
OH,2024-001,"Other, White",Donald J. Trump,15,26,0.5769230769230769
OR,2024-001,Hispanic or Latino,Joe Biden,15,51,0.29411764705882354
TX,2024-001,"Native American / American Indian, White",Donald J. Trump,15,23,0.6521739130434783
VA,2024-001,Black or African American,Don't know,15,101,0.1485148514851485
WA,2024-001,"Hispanic or Latino, Native American / American Indian, White",Donald J. Trump,15,22,0.6818181818181818
WA,2024-001,Other,Joe Biden,15,139,0.1079136690647482
WV,2024-001,Black or African American,Joe Biden,15,68,0.22058823529411764
0_ALL_STATES,2024-001,"Black or African American, Native Hawaiian or Pacific Islander",Donald J. Trump,14,38,0.3684210526315789
0_ALL_STATES,2024-001,"Hispanic or Latino, Other",Don't know,14,129,0.10852713178294573
0_ALL_STATES,2024-001,White,"Donald J. Trump, Joe Biden",14,13450,0.0010408921933085502
AL,2024-001,"Native American / American Indian, White",Donald J. Trump,14,23,0.6086956521739131
AZ,2024-001,"Hispanic or Latino, White",Wouldn't vote,14,119,0.11764705882352941
CA,2024-001,"Hispanic or Latino, Native American / American Indian",Don't know,14,104,0.1346153846153846
CA,2024-001,"Native American / American Indian, White",Joe Biden,14,96,0.14583333333333334
CA,2024-001,"Other, White",Joe Biden,14,63,0.2222222222222222
CO,2024-001,Other,Donald J. Trump,14,34,0.4117647058823529
GA,2024-001,Hispanic or Latino,Donald J. Trump,14,27,0.5185185185185185
IL,2024-001,White,Wouldn't vote,14,83,0.1686746987951807
MA,2024-001,White,Joe Biden,14,161,0.08695652173913043
ME,2024-001,"Native American / American Indian, White",Donald J. Trump,14,22,0.6363636363636364
ME,2024-001,White,Joe Biden,14,110,0.12727272727272726
ME,2024-001,White,Third-Party Candidate,14,110,0.12727272727272726
MI,2024-001,Black or African American,Don't know,14,136,0.10294117647058823
MI,2024-001,White,Wouldn't vote,14,193,0.07253886010362694
MT,2024-001,"Native American / American Indian, White",Donald J. Trump,14,18,0.7777777777777778
NC,2024-001,Asian American,Donald J. Trump,14,28,0.5
NE,2024-001,White,Don't know,14,255,0.054901960784313725
NY,2024-001,Black or African American,Don't know,14,122,0.11475409836065574
OK,2024-001,"Native American / American Indian, White",Wouldn't vote,14,119,0.11764705882352941
OR,2024-001,Other,Donald J. Trump,14,32,0.4375
PA,2024-001,Black or African American,Wouldn't vote,14,161,0.08695652173913043
PA,2024-001,White,Don't know,14,324,0.043209876543209874
SD,2024-001,Native American / American Indian,Don't know,14,145,0.09655172413793103
SD,2024-001,Native American / American Indian,Third-Party Candidate,14,145,0.09655172413793103
SD,2024-001,Other,Donald J. Trump,14,26,0.5384615384615384
TX,2024-001,Hispanic or Latino,Don't know,14,149,0.09395973154362416
TX,2024-001,Hispanic or Latino,Wouldn't vote,14,149,0.09395973154362416
VA,2024-001,White,Wouldn't vote,14,151,0.09271523178807947
WA,2024-001,Hispanic or Latino,Don't know,14,164,0.08536585365853659
WA,2024-001,Native American / American Indian,Third-Party Candidate,14,107,0.1308411214953271
0_ALL_STATES,2024-001,Black or African American,"Don't know, Joe Biden",13,6418,0.0020255531318167652
0_ALL_STATES,2024-001,"Black or African American, Native American / American Indian, White",Wouldn't vote,13,96,0.13541666666666666
0_ALL_STATES,2024-001,"Black or African American, Other, White",Donald J. Trump,13,32,0.40625
0_ALL_STATES,2024-001,"Hispanic or Latino, Native American / American Indian, Other, White",Donald J. Trump,13,36,0.3611111111111111
AL,2024-001,Native American / American Indian,Donald J. Trump,13,17,0.7647058823529411
AZ,2024-001,"Native American / American Indian, White",Joe Biden,13,51,0.2549019607843137
CO,2024-001,"Hispanic or Latino, Native American / American Indian",Donald J. Trump,13,23,0.5652173913043478
GA,2024-001,Other,Donald J. Trump,13,18,0.7222222222222222
KY,2024-001,Other,Wouldn't vote,13,59,0.22033898305084745
MI,2024-001,Black or African American,Third-Party Candidate,13,136,0.09558823529411764
NC,2024-001,"Black or African American, Native American / American Indian",Third-Party Candidate,13,90,0.14444444444444443
NC,2024-001,Hispanic or Latino,Don't know,13,161,0.08074534161490683
OH,2024-001,Other,Don't know,13,125,0.104
OH,2024-001,Other,Joe Biden,13,125,0.104
OK,2024-001,Black or African American,Third-Party Candidate,13,146,0.08904109589041095
OK,2024-001,Other,Wouldn't vote,13,71,0.18309859154929578
OR,2024-001,Native American / American Indian,Donald J. Trump,13,29,0.4482758620689655
PA,2024-001,"Native American / American Indian, White",Donald J. Trump,13,17,0.7647058823529411
TX,2024-001,White,Third-Party Candidate,13,189,0.06878306878306878
VA,2024-001,White,Third-Party Candidate,13,151,0.08609271523178808
WA,2024-001,Black or African American,Don't know,13,165,0.07878787878787878
WV,2024-001,Other,Donald J. Trump,13,24,0.5416666666666666
0_ALL_STATES,2024-001,"Asian American, Black or African American, Hispanic or Latino, Middle Eastern or Arab, Native American / American Indian, Native Hawaiian or Pacific Islander, Other, White",Joe Biden,12,90,0.13333333333333333
0_ALL_STATES,2024-001,Black or African American,"Don't know, Wouldn't vote",12,6418,0.001869741352446245
0_ALL_STATES,2024-001,"Black or African American, Hispanic or Latino, Native American / American Indian",Joe Biden,12,67,0.1791044776119403
0_ALL_STATES,2024-001,"Black or African American, Hispanic or Latino, Other",Donald J. Trump,12,28,0.42857142857142855
0_ALL_STATES,2024-001,"Black or African American, Middle Eastern or Arab",Donald J. Trump,12,21,0.5714285714285714
0_ALL_STATES,2024-001,"Black or African American, Native American / American Indian, Other, White",Donald J. Trump,12,26,0.46153846153846156
0_ALL_STATES,2024-001,Middle Eastern or Arab,Joe Biden,12,111,0.10810810810810811
0_ALL_STATES,2024-001,Middle Eastern or Arab,Wouldn't vote,12,111,0.10810810810810811
0_ALL_STATES,2024-001,White,"Don't know, Third-Party Candidate",12,13450,0.0008921933085501858
AZ,2024-001,"Black or African American, Native American / American Indian",Donald J. Trump,12,34,0.35294117647058826
AZ,2024-001,"Black or African American, Native American / American Indian",Joe Biden,12,34,0.35294117647058826
CA,2024-001,Asian American,Don't know,12,107,0.11214953271028037
CA,2024-001,"Hispanic or Latino, Native American / American Indian",Third-Party Candidate,12,104,0.11538461538461539
CA,2024-001,"Hispanic or Latino, Other",Third-Party Candidate,12,76,0.15789473684210525
CO,2024-001,Hispanic or Latino,Don't know,12,99,0.12121212121212122
CO,2024-001,White,Don't know,12,170,0.07058823529411765
FL,2024-001,Black or African American,Donald J. Trump,12,30,0.4
FL,2024-001,Hispanic or Latino,Donald J. Trump,12,18,0.6666666666666666
IL,2024-001,Hispanic or Latino,Joe Biden,12,93,0.12903225806451613
KY,2024-001,Native American / American Indian,Donald J. Trump,12,20,0.6
MA,2024-001,Black or African American,Wouldn't vote,12,78,0.15384615384615385
MA,2024-001,White,Third-Party Candidate,12,161,0.07453416149068323
MI,2024-001,Black or African American,Wouldn't vote,12,136,0.08823529411764706
NC,2024-001,"Black or African American, Hispanic or Latino",Donald J. Trump,12,29,0.41379310344827586
NC,2024-001,"Black or African American, White",Donald J. Trump,12,23,0.5217391304347826
NE,2024-001,Black or African American,Don't know,12,108,0.1111111111111111
NE,2024-001,Black or African American,Third-Party Candidate,12,108,0.1111111111111111
NY,2024-001,Hispanic or Latino,Joe Biden,12,54,0.2222222222222222
NY,2024-001,"Native American / American Indian, White",Donald J. Trump,12,17,0.7058823529411765
OH,2024-001,"Black or African American, Native American / American Indian",Donald J. Trump,12,29,0.41379310344827586
OH,2024-001,"Native American / American Indian, White",Third-Party Candidate,12,64,0.1875
OH,2024-001,Other,Third-Party Candidate,12,125,0.096
OK,2024-001,Native American / American Indian,Joe Biden,12,126,0.09523809523809523
OK,2024-001,Other,Third-Party Candidate,12,71,0.16901408450704225
PA,2024-001,Black or African American,Third-Party Candidate,12,161,0.07453416149068323
PA,2024-001,Hispanic or Latino,Wouldn't vote,12,87,0.13793103448275862
VA,2024-001,Black or African American,Wouldn't vote,12,101,0.1188118811881188
WV,2024-001,Black or African American,Wouldn't vote,12,68,0.17647058823529413
0_ALL_STATES,2024-001,"Asian American, Black or African American",Donald J. Trump,11,25,0.44
0_ALL_STATES,2024-001,"Asian American, Other",Donald J. Trump,11,23,0.4782608695652174
0_ALL_STATES,2024-001,"Black or African American, Native American / American Indian, White",Joe Biden,11,96,0.11458333333333333
0_ALL_STATES,2024-001,"Hispanic or Latino, Other, White",Wouldn't vote,11,60,0.18333333333333332
0_ALL_STATES,2024-001,"Native American / American Indian, Other, White",Don't know,11,142,0.07746478873239436
AR,2024-001,"Other, White",Donald J. Trump,11,14,0.7857142857142857
AZ,2024-001,"Black or African American, Hispanic or Latino",Donald J. Trump,11,29,0.3793103448275862
AZ,2024-001,"Black or African American, White",Joe Biden,11,26,0.4230769230769231
AZ,2024-001,"Other, White",Donald J. Trump,11,42,0.2619047619047619
CA,2024-001,"Black or African American, Native American / American Indian",Joe Biden,11,40,0.275
CA,2024-001,"Hispanic or Latino, Native American / American Indian, White",Third-Party Candidate,11,50,0.22
CA,2024-001,"Other, White",Third-Party Candidate,11,63,0.1746031746031746
CO,2024-001,Hispanic or Latino,Joe Biden,11,99,0.1111111111111111
CO,2024-001,Hispanic or Latino,Third-Party Candidate,11,99,0.1111111111111111
CO,2024-001,Hispanic or Latino,Wouldn't vote,11,99,0.1111111111111111
FL,2024-001,White,Third-Party Candidate,11,94,0.11702127659574468
IN,2024-001,Black or African American,Donald J. Trump,11,23,0.4782608695652174
MD,2024-001,White,Donald J. Trump,11,18,0.6111111111111112
NC,2024-001,Native American / American Indian,Third-Party Candidate,11,150,0.07333333333333333
NC,2024-001,Native American / American Indian,Wouldn't vote,11,150,0.07333333333333333
OH,2024-001,"Hispanic or Latino, White",Donald J. Trump,11,26,0.4230769230769231
OK,2024-001,Hispanic or Latino,Wouldn't vote,11,66,0.16666666666666666
OR,2024-001,Black or African American,Donald J. Trump,11,32,0.34375
PA,2024-001,Hispanic or Latino,Joe Biden,11,87,0.12643678160919541
SD,2024-001,Black or African American,Donald J. Trump,11,25,0.44
TX,2024-001,Black or African American,Don't know,11,157,0.07006369426751592
UT,2024-001,Hispanic or Latino,Donald J. Trump,11,23,0.4782608695652174
VA,2024-001,Hispanic or Latino,Donald J. Trump,11,19,0.5789473684210527
WI,2024-001,Black or African American,Donald J. Trump,11,23,0.4782608695652174