time,latitude,longitude,depth,mag,magType,nst,gap,dmin,rms,net,id,updated,place,type,horizontalError,depthError,magError,magNst,status,locationSource,magSource
2025-05-21T15:17:50.016Z,31.707,-101.704,9.1797,2.7,ml,26,60,0.1,0.1,tx,tx2025jwzh,2025-05-21T15:54:03.505Z,"27 km SW of Garden City, Texas",earthquake,0.6865202236314103,0.9853425942721709,0.1,42,reviewed,tx,tx
2025-05-21T12:47:51.944Z,31.671,-104.399,7.2791,2.5,ml,24,66,0,0.2,tx,tx2025jwty,2025-05-21T15:25:59.842Z,"56 km S of Whites City, New Mexico",earthquake,0.9954097500212024,0.7858748680983977,0.2,18,reviewed,tx,tx
2025-05-21T09:55:46.930Z,31.681,-104.394,5.8179,2.5,ml,34,68,0,0.2,tx,tx2025jwoi,2025-05-21T11:53:46.557Z,"54 km S of Whites City, New Mexico",earthquake,0.774952361756712,0.5381707845867729,0.1,24,reviewed,tx,tx
2025-05-20T09:46:47.840Z,36.5675,-117.066,1.38,2.59,ml,16,132,0.1916,0.18,ci,ci41157088,2025-05-20T23:54:30.679Z,"8 km ESE of Stovepipe Wells, CA",earthquake,0.34,1.2,0.162,60,reviewed,ci,ci
2025-05-20T09:29:32.099Z,41.9115,-119.579,12.8,2.7,ml,6,130.95,0.352,0.1093,nn,nn00897812,2025-05-20T16:03:20.912Z,"47 km E of Fort Bidwell, California",earthquake,,4,0.39,6,reviewed,nn,nn
2025-05-20T04:53:16.824Z,31.665,-104.363,7.0227,2.8,ml,35,66,0.1,0.2,tx,tx2025juiq,2025-05-20T05:25:58.087Z,"56 km S of Whites City, New Mexico",earthquake,0.8301802771377985,0.7571291894365646,0.2,27,reviewed,tx,tx
2025-05-19T19:09:19.000Z,35.048,-119.0391667,6.03,3.76,mw,80,23,0.15,0.28,ci,ci41156568,2025-05-21T19:24:25.237Z,"15 km NW of Grapevine, CA",earthquake,0.2,1.09,,4,reviewed,ci,ci
2025-05-19T10:49:20.000Z,32.0965,-115.1101667,15.89,2.99,ml,29,55,0.1439,0.3,ci,ci41156176,2025-05-20T11:13:41.040Z,"15 km SW of Estacion Coahuila, B.C., MX",earthquake,0.37,0.68,0.254,132,reviewed,ci,ci
2025-05-18T22:56:38.890Z,37.5216674804688,-118.828330993652,4.28999996185303,2.6,md,28,63,0.06824,0.05,nc,nc75184147,2025-05-19T01:13:35.298Z,"14 km W of Toms Place, CA",earthquake,0.23,0.879999995,0.14,31,automatic,nc,nc
2025-05-17T19:52:54.205Z,37.2794,-104.5088,6.34,2.5,mb_lg,13,72,0.161,0.6,us,us7000pzvz,2025-05-17T21:25:38.957Z,"7 km NNW of El Moro, Colorado",earthquake,2.2,2.846,0.136,21,reviewed,us,us
2025-05-17T18:48:35.389Z,36.6354,-115.7357,10.1,2.7,ml,44,112.28000000000002,0.184,0.1044,nn,nn00897724,2025-05-19T20:35:17.678Z,"9 km NW of Indian Springs, Nevada",earthquake,,1.5,0.34,17,reviewed,nn,nn
2025-05-17T12:40:50.390Z,38.7908333333333,-122.764166666667,4.16,2.91,md,120,31,0.01038,0.07,nc,nc75183462,2025-05-20T20:01:09.057Z,"2 km NNW of The Geysers, CA",earthquake,0.08,0.12,0.14,154,reviewed,nc,nc
2025-05-17T05:54:48.545Z,36.4922,-114.0653,8.742,3.8,mwr,38,45,0.839,0.55,us,us7000pzss,2025-05-19T19:36:16.254Z,"31 km S of Bunkerville, Nevada",earthquake,1.87,8.451,0.028,123,reviewed,us,us
2025-05-17T05:51:18.640Z,40.2741666666667,-124.6265,5.63,3.5,mw,83,245,0.2177,0.23,nc,nc75183327,2025-05-17T22:32:16.201Z,"30 km W of Petrolia, CA",earthquake,0.46,0.68,,6,reviewed,nc,nc
2025-05-17T05:21:49.130Z,40.3003349304199,-124.510498046875,5.88000011444092,2.93,md,24,273,0.129,0.3,nc,nc75183307,2025-05-17T07:47:19.368Z,"19 km W of Petrolia, CA",earthquake,4.39,1.75,0.08,26,automatic,nc,nc
2025-05-17T05:06:00.660Z,40.2941665649414,-124.574165344238,8.35999965667725,2.95,ml,26,278,0.1772,0.15,nc,nc75183287,2025-05-17T07:07:19.086Z,"25 km W of Petrolia, CA",earthquake,2.57,1.29999995,0.152,4,automatic,nc,nc
2025-05-17T04:36:51.660Z,40.269832611084,-124.662330627441,0.529999971389771,2.54,md,12,291,0.2453,0.11,nc,nc75183267,2025-05-17T05:47:18.536Z,"33 km W of Petrolia, CA",earthquake,5.95,9.31999969,0.12,12,automatic,nc,nc
2025-05-17T04:34:23.602Z,31.674,-104.396,7.843,3.2,ml,16,69,0,0.2,tx,tx2025jovq,2025-05-18T04:48:29.048Z,"55 km S of Whites City, New Mexico",earthquake,0.8743473993141012,0.7245853228373713,0.2,17,reviewed,tx,tx
2025-05-17T03:39:08.740Z,40.2958335876465,-124.655502319336,6.65000009536743,3,ml,30,272,0.2395,0.23,nc,nc75183252,2025-05-17T04:52:18.171Z,"32 km W of Petrolia, CA",earthquake,5.04,3.71000004,0.157,4,automatic,nc,nc
2025-05-16T20:36:54.346Z,31.677,-104.397,6.0999,2.6,ml,26,56,0,0.2,tx,tx2025jofx,2025-05-17T15:08:55.040Z,"55 km S of Whites City, New Mexico",earthquake,0.6966468865674657,0.588067171411365,0.1,21,reviewed,tx,tx
2025-05-16T18:33:03.780Z,41.8848333333333,-112.4835,3.68,2.76,ml,30,110,0.1266,0.21,uu,uu80108526,2025-05-19T13:50:05.545Z,"10 km NNW of Howell, Utah",earthquake,0.42,0.72,0.113708663270122,17,reviewed,uu,uu
2025-05-16T16:13:58.465Z,31.677,-104.394,6.0999,2.7,ml,18,56,0,0.2,tx,tx2025jnxf,2025-05-17T05:45:41.739Z,"55 km S of Whites City, New Mexico",earthquake,0.7293822711952963,0.668352815629031,0.2,14,reviewed,tx,tx
2025-05-16T14:37:25.480Z,40.2775001525879,-124.682662963867,0.28999999165535,2.83,md,23,280,0.2604,0.18,nc,nc75182887,2025-05-16T15:32:19.819Z,"34 km W of Petrolia, CA",earthquake,5.19,8.32999992,0.18,20,automatic,nc,nc
2025-05-16T07:11:08.015Z,36.4976,-113.9869,10.004,2.5,ml,36,45,0.787,0.44,us,us7000pzj3,2025-05-19T22:13:23.736Z,"32 km S of Scenic, Arizona",earthquake,2.16,8.466,0.043,70,reviewed,us,us
2025-05-16T06:27:33.200Z,31.6253333,-116.3565,15.67,2.85,ml,11,131,0.302,0.09,ci,ci41154080,2025-05-17T05:23:28.040Z,"22 km ESE of Maneadero, B.C., MX",earthquake,0.22,0.8,0.193,25,reviewed,ci,ci
2025-05-16T02:33:43.716Z,44.3859,-115.1587,10,3.1,ml,31,38,0.358,0.89,us,us7000pzid,2025-05-16T14:06:06.530Z,"25 km NW of Stanley, Idaho",earthquake,2.4,2.011,0.042,76,reviewed,us,us
2025-05-16T01:10:44.460Z,37.8055,-122.065333333333,7.62,2.9,md,132,27,0.0111,0.13,nc,nc75182637,2025-05-21T19:11:16.970Z,"6 km SW of Alamo, CA",earthquake,0.12,0.25,0.135,99,reviewed,nc,nc
2025-05-15T21:33:24.617Z,38.7154,-96.964,9.271,3.6,mb_lg,45,68,1.029,0.35,us,us7000pzh7,2025-05-20T20:02:39.299Z,"5 km NNW of Herington, Kansas",earthquake,3.71,7.791,0.04,164,reviewed,us,us
2025-05-15T20:58:49.740Z,35.344,-117.8015,7.25,2.66,ml,54,36,0.08457,0.16,ci,ci41153760,2025-05-20T17:46:09.948Z,"16 km WSW of Johannesburg, CA",earthquake,0.14,0.58,0.194,99,reviewed,ci,ci
2025-05-15T12:29:32.748Z,41.2158,-116.7283,5.7,3.1,ml,6,142.74,0.331,0.1534,nn,nn00897646,2025-05-16T08:32:40.040Z,"57 km NE of Valmy, Nevada",earthquake,,5.3,0.23,4,reviewed,nn,nn
2025-05-15T12:03:55.127Z,31.666,-104.368,6.4075,2.5,ml,27,69,0.1,0.1,tx,tx2025jlti,2025-05-15T12:53:29.666Z,"56 km S of Whites City, New Mexico",earthquake,0.8579616592297242,0.978850405682332,0,7,reviewed,tx,tx
2025-05-15T07:08:14.218Z,41.1864,-116.7329,6.3,3.5,ml,16,75.87,0.316,0.1548,nn,nn00897639,2025-05-16T07:40:59.087Z,"54 km NE of Valmy, Nevada",earthquake,,1.8,0.22,5,reviewed,nn,nn
2025-05-15T07:06:34.184Z,41.2382,-116.7282,5.8,3.8,ml,20,143.97999999999996,0.346,0.1634,nn,nn00897636,2025-05-16T07:18:55.733Z,"59 km NE of Valmy, Nevada",earthquake,,1.9,0.16,14,reviewed,nn,nn
2025-05-15T06:22:27.770Z,48.77333333333333,-119.50833333333334,14.69,3.14,ml,28,94,0.06726,0.48,uw,uw62100887,2025-05-21T12:52:46.134Z,"9 km NW of Tonasket, Washington",earthquake,0.78,0.87,0.1350795902048807,20,reviewed,uw,uw
2025-05-15T03:45:18.151Z,44.5689,-114.2812,14.61,3,ml,36,53,0.615,0.58,us,us7000pzav,2025-05-16T01:32:24.944Z,"8 km NNW of Challis, Idaho",earthquake,2.32,7.389,0.035,110,reviewed,us,us
2025-05-15T03:26:03.390Z,40.3421666666667,-124.5295,25.44,2.74,md,45,264,0.1527,0.12,nc,nc75182227,2025-05-17T08:07:19.499Z,"21 km WNW of Petrolia, CA",earthquake,0.56,0.42,0.271,46,reviewed,nc,nc
2025-05-14T23:45:17.030Z,36.1378333333333,-120.245333333333,11.06,2.7,md,60,91,0.01032,0.06,nc,nc75182137,2025-05-20T19:22:19.738Z,"10 km ESE of Coalinga, CA",earthquake,0.14,0.23,0.144,93,reviewed,nc,nc
2025-05-14T16:01:36.789Z,36.01016667,-97.9305,5.98,2.74,ml,97,39,0,0.16,ok,ok2025jkfq,2025-05-14T19:33:05.822Z,"3 km NNW of Dover, Oklahoma",earthquake,,0.3,0.27,39,reviewed,ok,ok
2025-05-14T13:32:18.502Z,41.153,-116.7412,7.9,2.8,ml,10,156.47000000000003,0.303,0.1448,nn,nn00897604,2025-05-15T02:04:19.777Z,"51 km NE of Valmy, Nevada",earthquake,,2.6,0.2,6,reviewed,nn,nn
2025-05-14T12:35:18.448Z,41.2074,-116.7261,7.6,3.9,mw,10,142.33999999999997,0.325,0.1224,nn,nn00897585,2025-05-15T12:55:00.771Z,"57 km NE of Valmy, Nevada",earthquake,,2.7,,,reviewed,nn,nn
2025-05-14T12:02:09.568Z,41.217,-116.6817,0,3,ml,4,358.17999999999995,0.306,0.1601,nn,nn00897599,2025-05-15T04:23:02.040Z,"60 km NE of Valmy, Nevada",earthquake,,0,0.13,3,reviewed,nn,nn
2025-05-14T12:01:21.644Z,41.1797,-116.7457,5.9,3,ml,10,75.33,0.32,0.1508,nn,nn00897583,2025-05-15T04:20:12.040Z,"53 km NE of Valmy, Nevada",earthquake,,3.7,0.18,8,reviewed,nn,nn
2025-05-14T04:13:16.320Z,40.9771666666667,-123.733166666667,28.12,2.52,md,66,59,0.06254,0.17,nc,nc75181772,2025-05-20T21:56:21.040Z,"10 km NW of Willow Creek, CA",earthquake,0.36,0.67,0.161,32,reviewed,nc,nc
2025-05-14T02:08:31.726Z,31.618,-104.002,8.0994,2.6,ml,9,70,0,0.1,tx,tx2025jjed,2025-05-14T13:34:18.980Z,"39 km NNW of Toyah, Texas",earthquake,0.7580596599789451,0.5051762132982163,0.2,12,reviewed,tx,tx
2025-05-13T09:18:18.490Z,47.5175,-123.43983333333334,40.07,2.84,ml,99,25,0.1193,0.14,uw,uw62098432,2025-05-15T18:18:52.336Z,"25 km WNW of Hoodsport, Washington",earthquake,0.16,0.31,0.15580264850684422,121,reviewed,uw,uw
2025-05-13T06:13:24.625Z,37.2174,-117.1202,7.3,2.7,ml,33,87.17000000000002,0.139,0.1773,nn,nn00897526,2025-05-13T14:22:09.543Z,"46 km NW of Beatty, Nevada",earthquake,,2.1,0.37,10,reviewed,nn,nn
2025-05-13T04:43:49.690Z,39.3593333333333,-88.3266666666667,9.81,3.26,md,22,73,0.6493,0.22,nm,nm60606081,2025-05-19T06:26:47.646Z,"7 km SSW of Lerna, Illinois",earthquake,0.28,0.63,0.102728546926222,13,reviewed,nm,nm
2025-05-13T01:38:18.040Z,36.2791666666667,-120.8635,9.5,2.52,md,80,92,0.08073,0.14,nc,nc75181332,2025-05-21T03:57:21.040Z,"22 km NE of San Lucas, CA",earthquake,0.19,0.35,0.124,77,reviewed,nc,nc
2025-05-12T15:14:28.920Z,38.7641666666667,-122.729666666667,2.56,2.64,md,108,25,0.004552,0.08,nc,nc75180351,2025-05-14T15:04:34.040Z,"3 km SE of The Geysers, CA",earthquake,0.1,0.16,0.165,114,reviewed,nc,nc
2025-05-12T04:25:06.650Z,39.4746666666667,-123.106,5.5,2.54,md,76,28,0.1024,0.09,nc,nc75180091,2025-05-21T03:45:13.040Z,"15 km NW of Lake Pillsbury, CA",earthquake,0.09,0.39,0.241,85,reviewed,nc,nc
2025-05-12T03:43:00.190Z,39.4741666666667,-123.1055,5.29,2.79,md,69,28,0.102,0.08,nc,nc75180066,2025-05-15T04:51:33.984Z,"15 km NW of Lake Pillsbury, CA",earthquake,0.1,0.35,0.211,77,reviewed,nc,nc
2025-05-12T03:16:04.849Z,35.55483333,-96.72833333,5.47,2.79,ml,74,35,0,0.19,ok,ok2025jfpj,2025-05-20T13:09:38.954Z,"8 km NNW of Prague, Oklahoma",earthquake,,0.2,0.36,34,reviewed,ok,ok
2025-05-12T02:47:53.691Z,41.7398,-80.9795,5.115,2.5,mb_lg,47,39,0.346,0.77,us,us7000pyrd,2025-05-17T16:00:51.166Z,"6 km ESE of Madison, Ohio",earthquake,1.3,6.614,0.095,29,reviewed,us,us
2025-05-12T01:29:38.630Z,25.2324,-99.5904,9.54,4.3,mb,54,78,2.004,0.59,us,us7000pyr1,2025-05-13T13:32:22.113Z,"9 km ESE of Ciudad General Terán, Mexico",earthquake,8.33,6.008,0.049,119,reviewed,us,us
2025-05-11T07:41:18.000Z,37.7596666666667,-84.6118333333333,29.68,2.75,md,16,62,0.2875,0.23,se,se60503568,2025-05-14T14:51:40.640Z,"11 km SE of High Bridge, Kentucky",earthquake,1.1,2.28,0.0634877249267847,15,reviewed,se,se
2025-05-11T07:06:04.096Z,31.652,-104.47,5.946,2.9,ml,32,67,0,0.1,tx,tx2025jece,2025-05-12T14:07:40.183Z,"58 km S of Whites City, New Mexico",earthquake,1.384773586631739,0.8199956407968164,0.1,17,reviewed,tx,tx
2025-05-11T04:10:16.380Z,39.5463333333333,-122.027833333333,23.01,2.71,md,45,49,0.0631,0.14,nc,nc75179661,2025-05-11T10:47:18.504Z,"14 km E of Willows, CA",earthquake,0.2,0.32,0.22,47,reviewed,nc,nc
2025-05-11T01:04:58.240Z,32.5335,-115.2321667,22.11,2.89,ml,41,43,0.1293,0.28,ci,ci41150576,2025-05-11T17:04:32.790Z,"12 km ESE of Puebla, B.C., MX",earthquake,0.33,0.87,0.204,87,reviewed,ci,ci
2025-05-11T01:01:45.130Z,32.5408333,-115.2485,18.96,2.63,ml,37,68,0.1301,0.28,ci,ci41150560,2025-05-16T01:49:24.930Z,"10 km ESE of Puebla, B.C., MX",earthquake,0.34,0.78,0.207,81,reviewed,ci,ci
2025-05-10T23:31:02.789Z,31.71,-104.579,5.3308,2.6,ml,34,69,0,0.1,tx,tx2025jdml,2025-05-12T14:25:17.018Z,"55 km SSW of Whites City, New Mexico",earthquake,1.0381387848422934,1.2289595364808952,0.2,19,reviewed,tx,tx
2025-05-10T17:02:54.916Z,38.2291,-118.5099,8.7,2.8,ml,17,46.44,0.023,0.1221,nn,nn00897470,2025-05-11T02:04:12.315Z,"34 km SSE of Hawthorne, Nevada",earthquake,,1,0.28,9,reviewed,nn,nn
2025-05-10T13:04:20.390Z,35.5453333333333,-83.9871666666667,24.94,4.1,mw,41,35,0.09566,0.2,se,se60605931,2025-05-21T14:31:28.357Z,"21 km SE of Greenback, Tennessee",earthquake,0.26,0.46,,0,reviewed,se,se
2025-05-10T03:10:12.910Z,35.54616667,-96.74816667,3.33,3.1,ml,96,34,0,0.21,ok,ok2025jbye,2025-05-16T09:33:28.998Z,"8 km NW of Prague, Oklahoma",earthquake,,0.2,0.4,40,reviewed,ok,ok
2025-05-09T19:54:45.179Z,41.9053,-119.5769,10.5,2.5,ml,5,131.41,0.358,0.1539,nn,nn00897441,2025-05-10T00:13:23.860Z,"47 km E of Fort Bidwell, California",earthquake,,5.7,0.39,4,reviewed,nn,nn
2025-05-09T19:37:19.050Z,37.5076666666667,-118.868666666667,3.38,2.64,md,35,67,0.08802,0.05,nc,nc75179031,2025-05-16T23:37:19.046Z,"17 km SSE of Mammoth Lakes, CA",earthquake,0.18,0.82,0.184,43,reviewed,nc,nc
2025-05-09T15:33:21.024Z,32.114,-101.056,6.9092,2.5,ml,29,68,0.2,0.1,tx,tx2025jbbe,2025-05-09T17:13:05.041Z,"27 km S of Westbrook, Texas",earthquake,0.6827270526718608,1.9486118814237112,0.1,16,reviewed,tx,tx
2025-05-09T12:14:19.684Z,31.685,-104.492,6.0999,2.5,ml,14,85,0,0.1,tx,tx2025jauw,2025-05-09T14:56:57.705Z,"55 km SSW of Whites City, New Mexico",earthquake,0.8895468322943868,0.5326653258907481,0.2,12,reviewed,tx,tx
2025-05-09T06:09:23.050Z,40.3401666666667,-124.658166666667,23.04,2.52,md,53,237,0.2468,0.16,nc,nc75178801,2025-05-16T01:52:19.362Z,"32 km WNW of Petrolia, CA",earthquake,0.62,0.58,0.499,31,reviewed,nc,nc
2025-05-09T03:13:43.595Z,39.8656,-81.5424,5,2.9,mb_lg,33,39,0.337,0.76,us,us7000py59,2025-05-15T10:54:49.082Z,"4 km S of Pleasant City, Ohio",earthquake,3.13,1.998,0.042,149,reviewed,us,us
2025-05-09T01:46:10.391Z,32.2749,-103.2932,10,3,ml,31,91,0.251,0.51,us,us7000py4l,2025-05-09T01:54:45.040Z,"20 km NNW of Jal, New Mexico",earthquake,2.12,1.999,0.074,24,reviewed,us,us
2025-05-09T01:26:25.171Z,33.6027,-108.1835,10,2.6,ml,19,86,0.914,0.78,us,us7000py4k,2025-05-09T01:34:13.040Z,"45 km SE of Aragon, New Mexico",earthquake,2.22,2.012,0.069,28,reviewed,us,us
2025-05-09T00:19:21.815Z,31.67,-104.345,6.0999,3.4,ml,35,66,0.1,0.2,tx,tx2025izxa,2025-05-10T00:43:09.599Z,"56 km S of Whites City, New Mexico",earthquake,0.677118144768605,0.6816145401919008,0.1,18,reviewed,tx,tx
2025-05-08T19:34:52.257Z,32.114,-101.054,6.7139,3.2,ml,29,48,0.2,0.1,tx,tx2025izoc,2025-05-08T21:04:41.362Z,"27 km S of Westbrook, Texas",earthquake,0.5547191960848094,2.4233121155281667,0.1,12,reviewed,tx,tx
2025-05-08T19:28:50.220Z,31.665,-104.35,6.0999,3.4,ml,34,66,0.1,0.1,tx,tx2025iznv,2025-05-09T19:44:04.733Z,"56 km S of Whites City, New Mexico",earthquake,0.7494665641689002,0.9124710436892551,0.1,18,reviewed,tx,tx
2025-05-08T18:29:51.342Z,32.3265,-103.2366,10.186,3.1,ml,42,58,0.234,0.93,us,us7000py1a,2025-05-08T18:43:39.040Z,"14 km SSW of Eunice, New Mexico",earthquake,1.89,7.062,0.074,24,reviewed,us,us
2025-05-08T18:24:10.538Z,32.3146,-103.2815,8.763,3.6,ml,45,58,0.255,0.98,us,us7000py15,2025-05-09T18:37:10.768Z,"17 km SW of Eunice, New Mexico",earthquake,2.29,7.319,0.071,26,reviewed,us,us
2025-05-08T15:17:18.830Z,37.5951666666667,-122.004833333333,9.74,2.78,ml,176,16,0.004996,0.17,nc,nc75178506,2025-05-15T09:27:17.841Z,"1 km ESE of Union City, CA",earthquake,0.1,0.17,0.171,105,reviewed,nc,nc
2025-05-08T14:43:14.130Z,33.899,-117.6663333,5.62,2.61,ml,105,27,,0.16,ci,ci41147856,2025-05-11T05:01:31.185Z,"10 km WNW of Corona, CA",earthquake,0.1,0.2,0.152,26,reviewed,ci,ci
2025-05-08T10:23:17.630Z,40.3685,-124.9765,12.07,2.7,md,83,250,0.4912,0.29,nc,nc75178351,2025-05-15T18:37:20.474Z,"59 km WNW of Petrolia, CA",earthquake,0.59,1.15,0.148,45,reviewed,nc,nc
2025-05-08T07:27:05.430Z,39.2653333333333,-120.380833333333,2.51,2.57,md,26,60,0.09813,0.13,nc,nc75178291,2025-05-14T20:14:36.253Z,"18 km W of Truckee, CA",earthquake,0.21,1.31,0.133,38,reviewed,nc,nc
2025-05-08T00:37:04.041Z,32.282,-101.137,6.9092,3,ml,29,49,0.1,0.1,tx,tx2025iyci,2025-05-08T16:02:20.394Z,"14 km SW of Westbrook, Texas",earthquake,0.5496736126592111,1.747427138286331,0.1,18,reviewed,tx,tx
2025-05-07T21:42:00.396Z,29.6376,-118.1224,9.53,4.1,mb,28,217,3.278,0.69,us,us7000pxu4,2025-05-07T22:15:04.040Z,"231 km WSW of Luis Rodríguez (El Vergel), Mexico",earthquake,10.55,7.102,0.088,35,reviewed,us,us
2025-05-07T20:50:49.630Z,40.372,-124.961,10,3.86,mw,167,239,0.4801,0.31,nc,nc75178046,2025-05-08T03:44:36.697Z,"58 km WNW of Petrolia, CA",earthquake,0.71,31.61,,6,reviewed,nc,nc
2025-05-07T16:33:30.320Z,33.9931667,-118.6955,13.32,3.01,ml,102,120,0.08449,0.27,ci,ci41146800,2025-05-10T04:05:20.156Z,"4 km S of Malibu Beach, CA",earthquake,0.24,0.47,0.166,245,reviewed,ci,ci
2025-05-07T13:23:56.350Z,37.2969,-114.7173,0,3,ml,24,131.78000000000003,0.287,0.1382,nn,nn00897328,2025-05-14T13:20:34.040Z,"39 km SSW of Caliente, Nevada",earthquake,,0,0.33,14,reviewed,nn,nn
2025-05-07T08:10:18.400Z,40.2626666666667,-122.079833333333,7.61,2.54,md,18,75,0.06445,0.08,nc,nc75177716,2025-05-14T17:27:19.503Z,"16 km ENE of Red Bluff, CA",earthquake,0.33,0.89,0.187,36,reviewed,nc,nc
2025-05-07T05:07:24.555Z,31.663,-104.337,6.4331,3.3,ml,36,68,0.1,0.1,tx,tx2025iwpw,2025-05-07T15:33:26.245Z,"56 km S of Whites City, New Mexico",earthquake,0.6842864935022969,0.9217167786800106,0.1,18,reviewed,tx,tx
2025-05-07T01:30:43.730Z,40.3461666666667,-124.819166666667,3.16,2.67,md,25,287,0.3689,0.22,nc,nc75177556,2025-05-20T22:27:27.040Z,"45 km WNW of Petrolia, CA",earthquake,0.93,1.63,0.153,13,reviewed,nc,nc
2025-05-06T17:08:17.790Z,37.4638333333333,-78.4691666666667,7.98,2.96,md,13,61,0.4855,0.22,se,se60605626,2025-05-21T01:00:54.057Z,"8 km S of Dillwyn, Virginia",earthquake,0.43,0.65,0.143590891439524,10,reviewed,se,se
2025-05-06T08:43:32.990Z,31.7085,-115.8581667,7.77,2.95,ml,15,60,0.2531,0.17,ci,ci41145672,2025-05-07T01:07:15.539Z,"67 km E of Maneadero, B.C., MX",earthquake,0.34,2.64,0.159,111,reviewed,ci,ci
2025-05-06T06:56:16.156Z,41.9428,-119.5847,3.4,2.6,ml,5,128.91,0.327,0.1489,nn,nn00897274,2025-05-06T16:02:58.580Z,"47 km E of Fort Bidwell, California",earthquake,,3.2,0.36,4,reviewed,nn,nn
2025-05-06T03:48:03.314Z,31.616,-103.983,8.83,2.6,ml,30,59,0,0.1,tx,tx2025iurl,2025-05-21T02:30:28.040Z,"37 km WSW of Mentone, Texas",earthquake,0.6138078689170678,0.41112832193857923,0.1,16,reviewed,tx,tx
2025-05-06T01:40:13.175Z,31.683,-104.422,4.1003,2.5,ml,26,58,0,0.1,tx,tx2025iunk,2025-05-20T22:28:33.040Z,"54 km S of Whites City, New Mexico",earthquake,0.6868190257271011,0.4962131034464313,0.1,6,reviewed,tx,tx
2025-05-05T14:19:58.360Z,38.7935,-122.779,3.17,2.79,md,100,16,0.006976,0.04,nc,nc75176791,2025-05-12T21:28:01.040Z,"3 km NW of The Geysers, CA",earthquake,0.08,0.15,0.205,110,reviewed,nc,nc
2025-05-05T11:11:59.623Z,32.004,-103.814,6.651,2.7,ml,22,61,0,0.1,tx,tx2025itko,2025-05-05T11:46:09.649Z,"34 km SE of Malaga, New Mexico",earthquake,0.3860563810454855,0.433828837637767,0.2,19,reviewed,tx,tx
2025-05-05T09:48:20.813Z,32.0147,-103.7743,7.639,2.8,ml,46,35,0.105,0.69,us,us7000px86,2025-05-05T12:44:37.338Z,"36 km SE of Malaga, New Mexico",earthquake,1.66,3.697,0.066,30,reviewed,us,us
2025-05-05T09:42:31.702Z,31.655,-104.458,6.7664,3.6,ml,10,72,0,0.1,tx,tx2025ithp,2025-05-06T10:03:00.539Z,"58 km S of Whites City, New Mexico",earthquake,0.8944532494848131,0.6077751752860578,0.2,14,reviewed,tx,tx
2025-05-04T21:16:59.350Z,40.3456666666667,-124.928,10,2.56,md,51,259,0.4512,0.29,nc,nc75176486,2025-05-20T21:13:24.040Z,"55 km WNW of Petrolia, CA",earthquake,0.94,31.61,0.273,22,reviewed,nc,nc
2025-05-04T17:41:09.765Z,31.655,-104.46,6.6638,2.6,ml,17,67,0,0.2,tx,tx2025isco,2025-05-17T16:36:55.040Z,"58 km S of Whites City, New Mexico",earthquake,1.2268146966349713,0.5938354854687377,0.2,14,reviewed,tx,tx
2025-05-04T17:14:46.381Z,31.657,-104.447,5.7922,2.5,ml,18,77,0,0.2,tx,tx2025isbs,2025-05-17T16:32:24.040Z,"57 km S of Whites City, New Mexico",earthquake,1.2647080973314155,0.6549287228968824,0.1,12,reviewed,tx,tx
2025-05-04T12:31:00.830Z,40.429,-124.6795,21.65,2.69,md,81,236,0.2732,0.18,nc,nc75176326,2025-05-14T02:52:17.541Z,"35 km WNW of Petrolia, CA",earthquake,0.39,0.39,0.261,44,reviewed,nc,nc
2025-05-04T12:27:38.220Z,31.5016667,-115.619,6.72,2.65,ml,17,109,0.1788,0.18,ci,ci41144632,2025-05-05T22:19:58.493Z,"91 km SSW of Alberto Oviedo Mota, B.C., MX",earthquake,0.26,1.6,0.17,18,reviewed,ci,ci
2025-05-04T10:24:56.529Z,31.487,-115.5477,12.646,3,ml,83,209,0.536,0.91,us,us7000px27,2025-05-04T17:01:31.323Z,"68 km ENE of San Vicente, Mexico",earthquake,4.22,7.258,0.037,96,reviewed,us,us
2025-05-04T09:48:11.280Z,33.1005,-116.4681667,11.01,2.69,ml,97,14,0.03418,0.21,ci,ci41144576,2025-05-07T12:18:03.592Z,"13 km E of Julian, CA",earthquake,0.13,0.28,0.141,193,reviewed,ci,ci
2025-05-04T04:18:16.480Z,35.3538333,-117.81,8.46,2.65,ml,56,36,0.09106,0.17,ci,ci41144424,2025-05-07T05:27:42.040Z,"16 km W of Johannesburg, CA",earthquake,0.16,0.46,0.165,25,reviewed,ci,ci
2025-05-04T03:24:45.861Z,31.661,-104.451,6.6382,2.9,ml,23,73,0,0.2,tx,tx2025irao,2025-05-04T16:52:19.114Z,"57 km S of Whites City, New Mexico",earthquake,0.957829023467348,0.5416097266619428,0.1,19,reviewed,tx,tx
2025-05-04T01:57:07.667Z,31.65,-104.432,7.1252,2.9,ml,16,72,0,0.1,tx,tx2025iqww,2025-05-04T12:36:34.098Z,"58 km S of Whites City, New Mexico",earthquake,0.6738304269029636,0.4504530509763071,0.2,14,reviewed,tx,tx
2025-05-04T01:47:05.553Z,31.647,-104.458,7.5354,5.4,ml,12,69,0,0.1,tx,tx2025iqwk,2025-05-20T01:57:15.681Z,"59 km S of Whites City, New Mexico",earthquake,2.0135156122329034,0.6332068214402948,0.1,35,reviewed,tx,tx
2025-05-03T03:34:56.636Z,31.634,-104.025,6.5741,3.4,ml,21,60,0,0.1,tx,tx2025ipeo,2025-05-21T18:44:44.040Z,"41 km W of Mentone, Texas",earthquake,0.5514027842979522,0.3985374571005541,0.2,26,reviewed,tx,tx
2025-05-03T00:35:18.960Z,38.7903333333333,-122.7585,2.27,3.7,mw,125,29,0.01032,0.07,nc,nc75175581,2025-05-09T04:59:07.343Z,"1 km N of The Geysers, CA",earthquake,0.08,0.14,,5,reviewed,nc,nc
2025-05-02T20:09:26.590Z,36.5775,-89.6033333333333,5.67,2.71,md,45,31,0.01517,0.11,nm,nm60503553,2025-05-12T14:50:46.114Z,"1 km NNW of Howardville, Missouri",earthquake,0.13,0.34,0.0790663443288935,42,reviewed,nm,nm
2025-05-02T08:58:50.695Z,32.437,-102.127,5.8105,3.6,ml,35,59,0,0.1,tx,tx2025intt,2025-05-21T18:41:37.040Z,"36 km SSW of Los Ybanez, Texas",earthquake,0.5614060645038452,0.6537061555276433,0.2,51,reviewed,tx,tx
2025-05-02T00:50:33.136Z,39.0662,-119.0192,6.6,2.6,ml,31,47.20999999999998,0.078,0.1466,nn,nn00897091,2025-05-19T05:05:36.040Z,"15 km NE of Yerington, Nevada",earthquake,,0.8,0.33,17,reviewed,nn,nn
2025-05-02T00:13:39.530Z,32.4228333,-115.1463333,8.51,2.5,ml,25,77,0.04039,0.28,ci,ci41142464,2025-05-19T05:16:19.040Z,"9 km NNE of Delta, B.C., MX",earthquake,0.39,1.25,0.123,72,reviewed,ci,ci
2025-05-01T22:58:27.544Z,31.731,-104.375,5.0745,2.9,ml,29,70,0,0.2,tx,tx2025imzv,2025-05-01T23:10:35.280Z,"49 km S of Whites City, New Mexico",earthquake,0.6576402978478826,0.9123486430598045,0.2,24,reviewed,tx,tx
2025-05-01T21:22:25.810Z,39.4155,-123.362666666667,3,2.74,md,53,61,0.02896,0.1,nc,nc75174816,2025-05-19T23:28:00.040Z,"1 km NNW of Willits, CA",earthquake,0.12,0.71,0.27,54,reviewed,nc,nc
2025-05-01T21:20:42.400Z,39.4161666666667,-123.362833333333,3.64,3.6,mw,54,61,0.0296,0.11,nc,nc75174811,2025-05-08T16:52:19.201Z,"1 km NNW of Willits, CA",earthquake,0.13,0.46,,7,reviewed,nc,nc
2025-05-01T14:22:01.640Z,35.3505,-117.8055,7.81,2.62,ml,54,36,0.08921,0.18,ci,ci41141680,2025-05-18T14:47:26.040Z,"16 km W of Johannesburg, CA",earthquake,0.15,0.59,0.101,23,reviewed,ci,ci
2025-05-01T14:12:53.710Z,35.3526667,-117.8035,7.45,3.4,ml,52,37,0.09182,0.17,ci,ci41141664,2025-05-18T14:11:41.040Z,"16 km W of Johannesburg, CA",earthquake,0.15,0.6,0.164,260,reviewed,ci,ci
2025-05-01T10:11:57.910Z,36.4365,-121.014166666667,9.22,3.26,ml,88,73,0.03999,0.13,nc,nc75174446,2025-05-10T00:52:17.089Z,"16 km SE of Pinnacles, CA",earthquake,0.18,0.42,0.181,71,reviewed,nc,nc
2025-05-01T06:11:18.930Z,40.3173333333333,-111.304166666667,13.8,3.94,ml,48,107,0.271,0.2,uu,uu80106731,2025-05-21T06:33:15.928Z,"4 km WNW of Independence, Utah",earthquake,0.37,0.48,0.142842468206211,38,reviewed,uu,uu
2025-05-01T05:15:37.570Z,36.5321666666667,-89.6258333333333,11.35,2.78,md,58,37,0.03484,0.13,nm,nm60605006,2025-05-21T06:12:58.040Z,"1 km NW of Marston, Missouri",earthquake,0.15,0.27,0.0769718799788175,40,reviewed,nm,nm
2025-05-01T04:53:10.489Z,34.3521,-107.0094,13.508,3.5,ml,14,112,0.402,0.73,us,us7000pwas,2025-05-02T14:20:42.486Z,"13 km NW of Alamillo, New Mexico",earthquake,2.91,7.542,0.039,88,reviewed,us,us
2025-05-01T03:17:41.540Z,38.7891666666667,-122.781666666667,3.31,2.61,md,108,15,0.006318,0.06,nc,nc75174361,2025-05-20T23:18:38.040Z,"3 km NW of The Geysers, CA",earthquake,0.08,0.13,0.155,105,reviewed,nc,nc
2025-04-30T19:33:42.187Z,38.1577,-117.8987,10.2,2.9,ml,19,41.31,0.08,0.144,nn,nn00897003,2025-05-12T21:24:09.040Z,"31 km SE of Mina, Nevada",earthquake,,1,0.35,9,reviewed,nn,nn
2025-04-30T12:38:49.738Z,36.5212,-113.9749,5,2.9,ml,55,54,0.764,0.67,us,us7000pw37,2025-05-21T06:10:27.555Z,"30 km S of Scenic, Arizona",earthquake,1.6,1.884,0.048,56,reviewed,us,us
2025-04-30T12:37:08.126Z,36.501,-114.0045,5,2.7,ml,55,45,0.796,0.53,us,us7000pw33,2025-05-21T06:08:50.040Z,"32 km SSE of Bunkerville, Nevada",earthquake,1.72,1.937,0.045,64,reviewed,us,us
2025-04-30T09:18:32.220Z,31.5036667,-115.6371667,7.59,2.55,ml,11,105,0.1682,0.29,ci,ci41140288,2025-05-21T05:26:55.040Z,"91 km ESE of Maneadero, B.C., MX",earthquake,0.7,4.61,0.114,42,reviewed,ci,ci
2025-04-30T09:13:41.170Z,31.5041667,-115.6216667,7.83,3.97,mw,15,107,0.1786,0.23,ci,ci41140272,2025-05-21T11:21:12.666Z,"91 km SSW of Alberto Oviedo Mota, B.C., MX",earthquake,0.4,2.23,,4,reviewed,ci,ci
2025-04-29T18:37:46.950Z,40.3493333333333,-124.8125,18.88,2.79,md,91,240,0.3644,0.22,nc,nc75173786,2025-05-12T20:56:14.040Z,"45 km WNW of Petrolia, CA",earthquake,0.42,0.74,0.179,55,reviewed,nc,nc
2025-04-29T15:27:01.239Z,32.429,-102.13,6.2744,2.7,ml,33,50,0,0.1,tx,tx2025iitz,2025-05-15T14:03:38.097Z,"37 km SSW of Los Ybanez, Texas",earthquake,0.4636988411231739,0.5443755203923308,0.1,18,reviewed,tx,tx
2025-04-29T14:09:13.799Z,39.8925,-81.507,0.583,2.8,mb_lg,34,39,0.337,0.51,us,us7000pvth,2025-04-30T01:18:17.582Z,"2 km SSE of Buffalo, Ohio",earthquake,1.12,4.13,0.055,87,reviewed,us,us
2025-04-29T13:04:54.827Z,34.5457,-106.8328,8.085,3.1,ml,14,134,0.503,0.62,us,us7000pvt3,2025-05-04T20:48:40.350Z,"6 km WNW of Veguita, New Mexico",earthquake,2.77,7.749,0.043,72,reviewed,us,us
2025-04-29T11:41:55.600Z,38.4053333333333,-122.432166666667,9.69,2.64,md,152,25,0.03025,0.14,nc,nc75173631,2025-05-09T02:12:16.035Z,"6 km WNW of Yountville, CA",earthquake,0.11,0.23,0.198,169,reviewed,nc,nc
2025-04-29T07:29:32.490Z,36.674,-121.325,4.91,2.96,md,78,28,0.03761,0.22,nc,nc75173536,2025-05-20T11:44:10.040Z,"13 km SSW of Tres Pinos, CA",earthquake,0.21,0.63,0.165,111,reviewed,nc,nc
2025-04-29T01:13:11.438Z,31.266,-103.504,2.1777,2.6,ml,18,57,0.1,0.2,tx,tx2025ihru,2025-05-16T03:27:29.040Z,"11 km SSE of Lindsay, Texas",earthquake,0.9638649541446753,2.1581373674967796,0.2,25,reviewed,tx,tx
2025-04-28T14:33:31.088Z,42.6919,-111.4956,10.948,2.5,ml,38,58,0.3,0.8,us,us7000pvjd,2025-05-12T20:28:44.040Z,"9 km ENE of Soda Springs, Idaho",earthquake,2.14,8.054,0.037,94,reviewed,us,us
2025-04-28T14:29:21.768Z,42.705,-111.5501,11.215,2.6,ml,41,60,0.337,0.42,us,us7000pvjb,2025-05-12T20:20:46.040Z,"7 km NE of Soda Springs, Idaho",earthquake,1.12,7.951,0.038,93,reviewed,us,us
2025-04-28T12:35:00.777Z,39.1535,-119.0455,9.2,2.9,ml,52,32.50999999999999,0.014,0.1589,nn,nn00896883,2025-05-20T11:15:12.040Z,"21 km NNE of Yerington, Nevada",earthquake,,0.4,0.32,16,reviewed,nn,nn
2025-04-28T10:24:21.830Z,40.3461666666667,-124.907,17.68,2.72,md,44,247,0.4354,0.16,nc,nc75173146,2025-05-07T07:03:25.040Z,"53 km WNW of Petrolia, CA",earthquake,0.65,1.43,0.259,15,reviewed,nc,nc
2025-04-28T06:51:02.720Z,35.3426667,-117.798,6.02,2.53,ml,52,36,0.08465,0.21,ci,ci41137808,2025-04-30T07:52:54.040Z,"15 km WSW of Johannesburg, CA",earthquake,0.19,0.67,0.202,142,reviewed,ci,ci
2025-04-28T06:46:44.730Z,35.342,-117.7985,7.03,3.34,ml,55,63,0.08387,0.18,ci,ci41137800,2025-05-21T08:56:39.040Z,"15 km WSW of Johannesburg, CA",earthquake,0.15,0.45,0.155,276,reviewed,ci,ci
2025-04-28T04:20:39.578Z,44.3106,-115.0996,16.091,2.8,ml,57,29,0.274,0.54,us,us7000pvhp,2025-05-16T03:20:06.193Z,"16 km NW of Stanley, Idaho",earthquake,1.93,7.345,0.034,116,reviewed,us,us
2025-04-27T16:32:24.880Z,40.439,-124.934833333333,13.82,2.81,md,87,259,0.4739,0.29,nc,nc75172656,2025-05-08T21:51:29.231Z,"56 km WNW of Petrolia, CA",earthquake,0.83,1.75,0.22,44,reviewed,nc,nc
2025-04-27T14:20:50.835Z,43.2698,-99.2502,6.107,2.5,mb_lg,8,71,0.652,0.95,us,us7000pvew,2025-05-17T14:59:26.982Z,"10 km NNE of Burke, South Dakota",earthquake,4.15,7.988,0.17,9,reviewed,us,us
2025-04-27T06:32:36.490Z,38.7898333333333,-122.776166666667,1.51,3.03,ml,116,21,0.009772,0.06,nc,nc75172376,2025-05-16T07:00:35.040Z,"2 km NW of The Geysers, CA",earthquake,0.08,0.11,0.19,73,reviewed,nc,nc
2025-04-26T17:12:12.774Z,44.1821,-113.0687,17.1,3.3,ml,100,26,0.174,0.59,us,us7000pv9b,2025-05-21T18:35:28.040Z,"52 km NE of Mackay, Idaho",earthquake,2.19,6.268,0.026,198,reviewed,us,us
2025-04-26T14:42:35.250Z,36.4688333333333,-120.4745,14.31,2.53,md,84,62,0.1592,0.14,nc,nc75171866,2025-05-05T22:26:33.720Z,"15 km W of Cantua Creek, CA",earthquake,0.17,0.33,0.143,94,reviewed,nc,nc
2025-04-26T10:33:00.880Z,34.1593333333333,-80.723,2.36,2.57,md,16,64,0.03218,0.32,se,se60503513,2025-05-16T06:50:44.040Z,"6 km E of Elgin, South Carolina",earthquake,0.69,0.92,0.0287898251758092,10,reviewed,se,se
2025-04-26T08:44:26.010Z,33.6885,-118.1536667,15.22,2.71,ml,98,80,0.1078,0.27,ci,ci41134928,2025-05-14T06:55:51.040Z,"7 km SW of Seal Beach, CA",earthquake,0.32,0.37,0.143,198,reviewed,ci,ci
2025-04-25T19:58:58.802Z,38.4822,-117.6105,3,2.9,ml,12,79.1,0.047,0.1299,nn,nn00896808,2025-05-20T21:31:08.040Z,"44 km ENE of Mina, Nevada",earthquake,,2.3,0.36,7,reviewed,nn,nn
2025-04-25T19:20:38.604Z,38.4819,-117.6077,3.3,2.6,ml,11,81.66,0.048,0.1412,nn,nn00896803,2025-05-20T19:17:19.040Z,"44 km ENE of Mina, Nevada",earthquake,,2,0.34,7,reviewed,nn,nn
2025-04-25T15:33:33.900Z,40.3376666666667,-124.741333333333,17.51,2.72,md,89,230,0.3088,0.16,nc,nc75171331,2025-04-29T22:42:42.066Z,"39 km WNW of Petrolia, CA",earthquake,0.92,0.63,0.179,51,reviewed,nc,nc
2025-04-25T14:58:31.817Z,31.997,-103.245,7.7405,2.7,ml,17,47,0.1,0.1,tx,tx2025ibkz,2025-05-17T09:42:51.040Z,"13 km SSW of Jal, New Mexico",earthquake,1.0396164053203385,1.6408208588424407,0.2,27,reviewed,tx,tx
2025-04-25T12:43:48.815Z,32.004,-103.245,7.7405,3.3,ml,23,78,0.1,0.1,tx,tx2025ibgp,2025-05-20T09:41:56.040Z,"13 km SSW of Jal, New Mexico",earthquake,0.5441502675901568,1.1035293377747062,0.2,35,reviewed,tx,tx
2025-04-25T08:18:03.382Z,31.781,-103.777,6.0999,3.1,ml,38,26,0.2,0.1,tx,tx2025iaxu,2025-05-10T09:44:57.040Z,"18 km WNW of Mentone, Texas",earthquake,0.4672285935406623,1.971558144271795,0.2,52,reviewed,tx,tx
2025-04-25T07:34:36.103Z,32.008,-103.244,8.2019,2.7,ml,15,88,0.1,0.2,tx,tx2025iawk,2025-05-10T09:29:04.040Z,"12 km SSW of Jal, New Mexico",earthquake,0.6492184433451403,1.291318252379333,0.1,9,reviewed,tx,tx
2025-04-25T04:35:56.060Z,40.3571666666667,-124.8765,14.64,2.83,md,98,235,0.4139,0.18,nc,nc75171096,2025-05-15T22:36:06.040Z,"50 km WNW of Petrolia, CA",earthquake,0.73,0.94,0.137,59,reviewed,nc,nc
2025-04-24T19:14:54.107Z,39.8757,-81.5461,6.069,3.1,mb_lg,35,39,0.327,0.61,us,us7000puuq,2025-05-09T16:57:36.814Z,"3 km S of Pleasant City, Ohio",earthquake,1.29,7.437,0.04,162,reviewed,us,us
2025-04-24T11:22:02.430Z,35.441,-122.527333333333,10,2.62,md,58,274,0.982,0.4,nc,nc75170741,2025-04-25T20:22:19.413Z,"108 km WSW of Lopez Point, CA",earthquake,1.52,31.61,0.182,97,reviewed,nc,nc
2025-04-24T07:57:38.001Z,32.003,-103.236,5.8435,2.5,ml,17,46,0.1,0.1,tx,tx2025hzbp,2025-05-14T06:29:58.040Z,"12 km SSW of Jal, New Mexico",earthquake,0.4968485751631019,0.8592879896810758,0.2,6,reviewed,tx,tx
2025-04-24T04:59:58.720Z,38.34,-119.396666666667,3.6,2.81,md,44,79,0.03526,0.19,nc,nc75170626,2025-05-04T23:42:45.660Z,"17 km NW of Bridgeport, CA",earthquake,0.26,0.34,0.135,65,reviewed,nc,nc
2025-04-24T03:41:46.120Z,40.3551666666667,-124.944666666667,10.06,4.22,mw,184,232,0.4651,0.21,nc,nc75170586,2025-05-20T23:53:15.296Z,"56 km WNW of Petrolia, CA",earthquake,0.65,1.02,,6,reviewed,nc,nc
2025-04-23T22:43:41.930Z,38.4375,-122.669166666667,10.34,2.78,md,128,37,0.02797,0.13,nc,nc75170471,2025-05-15T02:42:30.040Z,"3 km ESE of Santa Rosa, CA",earthquake,0.1,0.23,0.185,132,reviewed,nc,nc
2025-04-23T22:16:32.260Z,35.351,-117.8063333,7.68,2.8,ml,47,36,0.08942,0.17,ci,ci40939399,2025-05-15T02:19:35.040Z,"16 km W of Johannesburg, CA",earthquake,0.16,0.59,0.19,174,reviewed,ci,ci
2025-04-23T17:58:33.560Z,41.5615,-109.8655,-2.2,3.46,ml,16,157,0.1112,0.21,uu,uu80106201,2025-05-13T19:42:06.940Z,"2 km NNW of Little America, Wyoming",earthquake,0.59,1.31,0.205506681514144,29,reviewed,uu,uu
2025-04-23T14:40:59.236Z,32.003,-103.233,5.7922,2.5,ml,21,46,0.1,0.2,tx,tx2025hxts,2025-04-30T13:28:07.040Z,"12 km SSW of Jal, New Mexico",earthquake,0.6201330872420548,1.4464624837882183,0.2,18,reviewed,tx,tx
2025-04-23T04:31:46.810Z,37.2555,-92.467,4.39,2.56,md,16,107,0.188,0.18,nm,nm60604296,2025-05-15T04:23:14.040Z,"3 km E of Hartville, Missouri",earthquake,0.33,0.91,0.0798818622606934,11,reviewed,nm,nm
2025-04-22T09:05:29.630Z,33.181,-115.607,3.55,2.84,ml,58,43,0.008056,0.23,ci,ci40936807,2025-05-15T08:04:33.040Z,"10 km SW of Niland, CA",earthquake,0.19,0.19,0.164,112,reviewed,ci,ci
2025-04-22T08:12:50.617Z,39.9022,-81.5036,5,3.1,mb_lg,34,36,0.333,0.82,us,us7000pu5h,2025-05-15T11:11:58.226Z,"2 km SE of Buffalo, Ohio",earthquake,2.09,1.99,0.042,151,reviewed,us,us
2025-04-22T02:55:31.770Z,40.328,-124.873833333333,5.63,2.87,md,97,231,0.4082,0.32,nc,nc75169496,2025-05-13T01:28:55.040Z,"50 km WNW of Petrolia, CA",earthquake,0.52,1.08,0.119,52,reviewed,nc,nc
2025-04-21T22:07:25.493Z,38.3185,-96.9365,9.807,2.6,mb_lg,43,59,0.663,0.74,us,us7000pu35,2025-04-22T17:29:43.346Z,"7 km ESE of Marion, Kansas",earthquake,3.4,7.26,0.067,58,reviewed,us,us
2025-04-21T21:19:02.251Z,32.136,-102.209,6.5674,2.5,ml,27,67,0,0.1,tx,tx2025huqf,2025-05-04T02:02:20.924Z,"19 km NW of Midland, Texas",earthquake,0.702240815401525,1.2035761308034953,0.2,39,reviewed,tx,tx
2025-04-21T07:32:32.946Z,39.0677,-118.992,11,2.9,ml,42,55.69999999999999,0.086,0.1387,nn,nn00896603,2025-05-15T07:19:28.040Z,"17 km ENE of Yerington, Nevada",earthquake,,0.6,0.11,13,reviewed,nn,nn
